date,total_sales,day_of_week,month,year,quarter,day,day_of_week_num,is_weekend,lag_1,lag_7,lag_14,lag_30,rolling_mean_7,rolling_mean_14,rolling_mean_30
2013-01-31,271254.217996,Thursday,1,2013,1,31,3,0,281061.127052,247245.690995,267498.5159755,2511.618999,316070.0481735429,325739.7420894143,335212.35063045
2013-02-01,369402.055266,Friday,2,2013,1,1,4,0,271254.217996,290022.77193,296130.850028,496092.417944,319499.8377451143,326008.00651945,344170.4372636833
2013-02-02,518887.462705,Saturday,2,2013,1,2,5,1,369402.055266,413799.7679753,432459.852021,361461.231124,330839.73536454287,331241.66403645,339947.4251744167
2013-02-03,486336.82018,Sunday,2,2013,1,3,6,1,518887.462705,430411.991233,461092.386047,354459.6770927,345852.2631830714,337415.0647995929,345194.96622711665
2013-02-04,344308.715017,Monday,2,2013,1,4,0,0,486336.82018,285460.169953,311211.26595,477350.121229,353841.5244612143,339218.23866623576,349590.8709966933
2013-02-05,321245.83913,Tuesday,2,2013,1,5,1,0,344308.715017,264488.8180765,296214.728983,519695.401088,362248.45947035716,341582.34217102145,345156.15745629335
2013-02-06,321538.177149,Wednesday,2,2013,1,6,2,0,321245.83913,281061.127052,283258.4530325,336122.801066,370356.6053351429,343370.2786100929,338541.1720576933
2013-02-07,290807.530973,Thursday,2,2013,1,7,3,0,321538.177149,271254.217996,247245.690995,318347.777981,376139.0410632857,346104.5446184143,338055.0179271267
2013-02-08,347441.789912,Friday,2,2013,1,8,4,0,290807.530973,369402.055266,290022.77193,302530.809018,378932.37148857146,349216.1046168429,337137.00969352666
2013-02-09,416176.2790747,Saturday,2,2013,1,9,5,1,347441.789912,518887.462705,413799.7679753,258982.003049,375795.1907237143,353317.46304412856,338634.0423899933
2013-02-10,300951.328993,Sunday,2,2013,1,10,6,1,416176.2790747,486336.82018,430411.991233,289737.6850845,361122.1644908143,353487.21383694286,343873.85159085004
2013-02-11,278627.588926,Monday,2,2013,1,11,0,0,300951.328993,344308.715017,285460.169953,403258.2120105,334638.52289267135,344240.0236769429,344247.6397211334
2013-02-12,308800.7909121,Tuesday,2,2013,1,12,1,0,278627.588926,321245.83913,264488.8180765,464638.547998,325255.50487967144,343751.98217501433,340093.2856183166
2013-02-13,319597.929962,Wednesday,2,2013,1,13,2,0,308800.7909121,321538.177149,281061.127052,293348.362078,323477.64084854285,346917.12309184286,334898.6937154533
2013-02-14,308164.016957,Thursday,2,2013,1,14,3,0,319597.929962,290807.530973,271254.217996,299129.549954,323200.4626789714,349669.75187112857,335773.67931158666
2013-02-15,320168.883912,Friday,2,2013,1,15,4,0,308164.016957,347441.789912,369402.055266,318347.913946,325679.96067668573,352306.16608262854,336074.82821168663
2013-02-16,485660.494008,Saturday,2,2013,1,16,5,1,320168.883912,416176.2790747,518887.462705,267498.5159755,321783.8312481143,348789.51098591427,336135.52721055335
2013-02-17,399588.910014,Sunday,2,2013,1,17,6,1,485660.494008,300951.328993,486336.82018,296130.850028,331710.1476671571,346416.1560789857,343407.59314497
2013-02-18,350745.573191,Monday,2,2013,1,18,0,0,399588.910014,278627.588926,344308.715017,432459.852021,345801.2306701572,340219.87678141426,346856.1951445033
2013-02-19,293637.801951,Tuesday,2,2013,1,19,1,0,350745.573191,308800.7909121,321245.83913,461092.386047,356103.7998508714,340679.6523652714,344132.38585017
2013-02-20,313803.162034,Wednesday,2,2013,1,20,2,0,293637.801951,319597.929962,321538.177149,311211.26595,353937.6585707143,338707.64970962855,338550.56638030335
2013-02-21,267711.1090155,Thursday,2,2013,1,21,3,0,313803.162034,308164.016957,290807.530973,296214.728983,353109.834581,338155.1486299857,338636.96291643666
2013-02-22,285679.869131,Friday,2,2013,1,22,4,0,267711.1090155,320168.883912,347441.789912,283258.4530325,347330.84773221426,336505.40420445,337686.84225085337
2013-02-23,412897.349113,Saturday,2,2013,1,23,5,1,285679.869131,485660.494008,416176.2790747,247245.690995,342403.8456206429,332093.8384343786,337767.55612080335
2013-02-24,452726.126103,Sunday,2,2013,1,24,6,1,412897.349113,399588.910014,300951.328993,290022.77193,332009.11063564284,331859.6291514,343289.27805806993
2013-02-25,307110.875933,Monday,2,2013,1,25,0,0,452726.126103,350745.573191,278627.588926,413799.7679753,339600.14150549995,342700.6860878286,348712.72319716995
2013-02-26,270425.0070675,Tuesday,2,2013,1,26,1,0,307110.875933,293637.801951,308800.7909121,430411.991233,333366.6133257857,344735.2065883285,345156.42679576005
2013-02-27,288401.998919,Wednesday,2,2013,1,27,2,0,270425.0070675,313803.162034,319597.929962,285460.169953,330050.499771,341994.07917085715,339823.5273235767
2013-02-28,278116.291888,Thursday,2,2013,1,28,3,0,288401.998919,267711.1090155,308164.016957,264488.8180765,326421.7621831428,339765.7983820714,339921.58828911
2013-03-01,378898.165064,Friday,3,2013,1,1,4,0,278116.291888,285679.869131,320168.883912,281061.127052,327908.2168792143,337619.53230571427,340375.83741616
2013-03-02,547857.205258,Saturday,3,2013,1,2,5,1,378898.165064,412897.349113,485660.494008,271254.217996,341225.11629821424,341814.4809594286,343637.07201655995
2013-03-03,559820.580027,Sunday,3,2013,1,3,6,1,547857.205258,452726.126103,399588.910014,369402.055266,360505.0957475,346257.1031915714,352857.17159196
2013-03-04,383647.679097,Monday,3,2013,1,4,0,0,559820.580027,307110.875933,350745.573191,518887.462705,375804.3034509286,357702.2224782143,359204.45575066
2013-03-05,332189.993189,Tuesday,3,2013,1,5,1,0,383647.679097,270425.0070675,293637.801951,486336.82018,386738.13247435715,360052.37290007144,354696.46296372666
2013-03-06,335726.580968,Wednesday,3,2013,1,6,2,0,332189.993189,288401.998919,313803.162034,344308.715017,395561.7019202857,362806.10084564285,349558.23539736
2013-03-07,293099.52701,Thursday,3,2013,1,7,3,0,335726.580968,278116.291888,267711.1090155,321245.83913,402322.35649871425,364372.0593409286,349272.1642623933
2013-03-08,316600.679967,Friday,3,2013,1,8,4,0,293099.52701,378898.165064,285679.869131,321538.177149,404462.81865900004,366185.51776910713,348333.95385839336
2013-03-09,453259.496866,Saturday,3,2013,1,9,5,1,316600.679967,547857.205258,412897.349113,290807.530973,395563.1779308571,368394.14711453574,348169.37061899336
2013-03-10,461859.756153,Sunday,3,2013,1,10,6,1,453259.496866,559820.580027,452726.126103,347441.789912,382049.21958914277,371277.1576683214,353584.43614876
2013-03-11,318379.133021,Monday,3,2013,1,11,0,0,461859.756153,383647.679097,307110.875933,416176.2790747,368054.8161785714,371929.55981475004,357398.3683567933
2013-03-12,271823.37801,Tuesday,3,2013,1,12,1,0,318379.133021,332189.993189,270425.0070675,300951.328993,358730.7381677143,372734.43532103574,354138.46348833665
2013-03-13,287869.663972,Wednesday,3,2013,1,13,2,0,271823.37801,335726.580968,288401.998919,278627.588926,350106.9359992857,372834.3189597857,353167.5317889033
2013-03-14,247541.420096,Thursday,3,2013,1,14,3,0,287869.663972,293099.52701,278116.291888,308800.7909121,343270.23357128573,372796.29503499996,353475.60095710336
2013-03-15,315878.090213,Friday,3,2013,1,15,4,0,247541.420096,316600.679967,378898.165064,319597.929962,336761.9325835714,370612.3756212857,351433.62192989996
2013-03-16,482233.433961,Saturday,3,2013,1,16,5,1,315878.090213,453259.496866,547857.205258,308164.016957,336658.70547585713,366110.94170335715,351309.6272716
2013-03-17,513439.584913,Sunday,3,2013,1,17,6,1,482233.433961,461859.756153,559820.580027,320168.883912,340797.8393465714,361423.5294678571,357111.9411717334
2013-03-18,330283.80303,Monday,3,2013,1,18,0,0,513439.584913,318379.133021,383647.679097,485660.494008,348166.38631228573,358110.60124542855,363554.2978717666
2013-03-19,294020.245897,Tuesday,3,2013,1,19,1,0,330283.80303,271823.37801,332189.993189,399588.910014,349867.0534564286,354298.89581207145,358375.07483916666
2013-03-20,321207.006946,Wednesday,3,2013,1,20,2,0,294020.245897,287869.663972,335726.580968,350745.573191,353038.0345831429,351572.48529121425,354856.1193686
2013-03-21,269130.127953,Thursday,3,2013,1,21,3,0,321207.006946,247541.420096,293099.52701,293637.801951,357800.51215085713,350535.37286107143,353871.5004937667
2013-03-22,304100.453969,Friday,3,2013,1,22,4,0,269130.127953,315878.090213,316600.679967,313803.162034,360884.61327328574,348823.27292842855,353054.57802716666
2013-03-23,453192.003086,Saturday,3,2013,1,23,5,1,304100.453969,482233.433961,453259.496866,267711.1090155,359202.09380985715,347930.3996428572,352731.154425
2013-03-24,449794.636951,Sunday,3,2013,1,24,6,1,453192.003086,513439.584913,461859.756153,285679.869131,355053.31797057146,347925.57865857147,358913.8508940166
2013-03-25,317559.6099585,Monday,3,2013,1,25,0,0,449794.636951,330283.80303,318379.133021,412897.349113,345961.1825474286,347063.7844298571,364384.34315468336
2013-03-26,275818.23589999997,Tuesday,3,2013,1,26,1,0,317559.6099585,294020.245897,271823.37801,452726.126103,344143.4406800714,347005.24706825,361206.41851620004
2013-03-27,313691.148998,Wednesday,3,2013,1,27,2,0,275818.23589999997,321207.006946,287869.663972,307110.875933,341543.1535376428,347290.5940603929,355309.4888427667
2013-03-28,339293.269022,Thursday,3,2013,1,28,3,0,313691.148998,269130.127953,247541.420096,270425.0070675,340469.4595450714,349134.9858479643,355528.8312782666
2013-03-29,345513.132,Friday,3,2013,1,29,4,0,339293.269022,304100.453969,315878.090213,288401.998919,350492.7654120714,355688.6893426786,357824.4400100833
2013-03-30,452661.356036,Saturday,3,2013,1,30,5,1,345513.132,453192.003086,482233.433961,278116.291888,356408.8622736429,357805.47804175,359728.1444461167
2013-03-31,462107.63995599997,Sunday,3,2013,1,31,6,1,452661.356036,449794.636951,513439.584913,378898.165064,356333.0555522143,355693.18676139286,365546.31325105
2013-04-01,428816.447912,Monday,4,2013,2,1,0,0,462107.63995599997,317559.6099585,330283.80303,547857.205258,358092.0559815,352026.6192644643,368319.96241411666
2013-04-02,377732.827961,Tuesday,4,2013,2,2,1,0,428816.447912,275818.23589999997,294020.245897,559820.580027,373985.88997485716,359064.6653274643,364351.93716925
2013-04-03,373731.0758793,Wednesday,4,2013,2,3,2,0,377732.827961,313691.148998,321207.006946,383647.679097,388545.11741214286,365044.13547489286,358282.34543371666
2013-04-04,308738.385963,Thursday,4,2013,2,4,3,0,373731.0758793,339293.269022,269130.127953,332189.993189,397122.2498237571,368795.8546844143,357951.7919931266
2013-04-05,336394.782031,Friday,4,2013,2,5,4,0,308738.385963,345513.132,304100.453969,335726.580968,392757.2665296143,371625.0159708429,357170.07175226003
2013-04-06,509424.214023,Saturday,4,2013,2,6,5,1,336394.782031,452661.356036,453192.003086,293099.52701,391454.6451054714,373931.7536895572,357192.3451210267
2013-04-07,519048.376884,Sunday,4,2013,2,7,6,1,509424.214023,462107.63995599997,449794.636951,316600.679967,399563.62481789995,377948.3401850571,364403.16802146
2013-04-08,346649.815943,Monday,4,2013,2,8,0,0,519048.376884,428816.447912,317559.6099585,453259.496866,407698.01580761425,382895.0358945572,371151.42458536
2013-04-09,306335.8019617,Tuesday,4,2013,2,9,1,0,346649.815943,377732.827961,275818.23589999997,461859.756153,395959.92552632856,384972.90775059286,367597.7685545933
2013-04-10,312846.374941,Wednesday,4,2013,2,10,2,0,306335.8019617,373731.0758793,313691.148998,318379.133021,385760.35038357147,387152.7338978572,362413.6367482167
2013-04-11,303223.41301,Thursday,4,2013,2,11,3,0,312846.374941,308738.385963,339293.269022,271823.37801,377062.5359638143,387092.3928937857,362229.21147888334
2013-04-12,314394.967035,Friday,4,2013,2,12,4,0,303223.41301,336394.782031,345513.132,287869.663972,376274.68268481427,384515.97460721433,363275.87931221665
2013-04-13,453442.497048,Saturday,4,2013,2,13,5,1,314394.967035,509424.214023,452661.356036,247541.420096,373131.8519711,382293.24853828567,364160.0560809833
2013-04-14,478417.148813,Sunday,4,2013,2,14,6,1,453442.497048,519048.376884,462107.63995599997,315878.090213,365134.4638318143,382349.0443248572,371023.4253127167
2013-04-15,338712.458055,Monday,4,2013,2,15,0,0,478417.148813,346649.815943,428816.447912,482233.433961,359330.0026788143,383514.0092432143,376441.3939327167
2013-04-16,333431.88004899997,Tuesday,4,2013,2,16,1,0,338712.458055,306335.8019617,377732.827961,513439.584913,358196.0944091001,377078.00996771426,371657.3614025166
2013-04-17,334990.518942,Wednesday,4,2013,2,17,2,0,333431.88004899997,312846.374941,373731.0758793,330283.80303,362066.9627072857,373913.65654542856,365657.1045737167
2013-04-18,281924.509951,Thursday,4,2013,2,18,3,0,334990.518942,303223.41301,308738.385963,294020.245897,365230.4118502857,371146.47390705004,365813.9951041166
2013-04-19,311588.70494,Friday,4,2013,2,19,4,0,281924.509951,314394.967035,336394.782031,321207.006946,362187.7114132857,369231.19704905,365410.80390591663
2013-04-20,459884.838043,Saturday,4,2013,2,20,5,1,311588.70494,453442.497048,509424.214023,269130.127953,361786.8168282857,367459.33439969283,365090.19383905
2013-04-21,485721.032087,Sunday,4,2013,2,21,6,1,459884.838043,478417.148813,519048.376884,304100.453969,362707.1512561428,363920.8075439786,371448.6841753833
2013-04-22,328886.320986,Monday,4,2013,2,22,0,0,485721.032087,338712.458055,346649.815943,453192.003086,363750.5631524286,361540.2829156215,377502.7034459833
2013-04-23,302097.8329435,Tuesday,4,2013,2,23,1,0,328886.320986,333431.88004899997,306335.8019617,449794.636951,362346.82928542857,360271.4618472643,373359.1807093167
2013-04-24,310555.184925,Wednesday,4,2013,2,24,2,0,302097.8329435,334990.518942,312846.374941,317559.6099585,357870.5368417857,359968.7497745357,368435.9539090666
2013-04-25,268790.618996,Thursday,4,2013,2,25,3,0,310555.184925,281924.509951,303223.41301,275818.23589999997,354379.7748393571,359805.0933448214,368202.4730746167
2013-04-26,304413.556952,Friday,4,2013,2,26,4,0,268790.618996,311588.70494,314394.967035,313691.148998,352503.5047029286,357345.6080581071,367968.2191778167
2013-04-27,446665.337895,Saturday,4,2013,2,27,5,1,304413.556952,459884.838043,453442.497048,339293.269022,351478.4835617858,356632.65019503573,367658.9661096167
2013-04-28,477623.4729303,Sunday,4,2013,2,28,6,1,446665.337895,485721.032087,478417.148813,345513.132,349589.9835406429,356148.5673983929,371238.03507205
2013-04-29,328795.874018,Monday,4,2013,2,29,0,0,477623.4729303,328886.320986,338712.458055,452661.356036,348433.1893754,356091.8762639142,375641.71310305997
2013-04-30,310186.466894,Tuesday,4,2013,2,30,1,0,328795.874018,302097.8329435,333431.88004899997,462107.63995599997,348420.26837997144,355383.5488327,371512.86370246
2013-05-01,507974.636889,Wednesday,5,2013,2,1,2,0,310186.466894,310555.184925,334990.518942,428816.447912,349575.78751575714,353723.16217877145,366448.82460039336
2013-05-02,348709.460063,Thursday,5,2013,2,2,3,0,507974.636889,268790.618996,281924.509951,377732.827961,377778.5663677571,366079.17060355714,369087.4308996267
2013-05-03,374291.2510323,Friday,5,2013,2,3,4,0,348709.460063,304413.556952,311588.70494,373731.0758793,389195.5436630429,370849.52418298565,368119.9853030267
2013-05-04,520339.515965,Saturday,5,2013,2,4,5,1,374291.2510323,446665.337895,459884.838043,308738.385963,399178.0713888,375328.27747529285,368138.6578081267
2013-05-05,580268.550981,Sunday,5,2013,2,5,6,1,520339.515965,477623.4729303,485721.032087,336394.782031,409702.9539702286,379646.46875543566,375192.02880819334
2013-05-06,369869.383046,Monday,5,2013,2,6,0,0,580268.550981,328795.874018,328886.320986,509424.214023,424366.5365489,386399.86296215,383321.15443986
2013-05-07,317292.964148,Tuesday,5,2013,2,7,1,0,369869.383046,310186.466894,302097.8329435,519048.376884,430234.18069575715,389327.22453786427,378669.3267406266
2013-05-08,332477.410968,Wednesday,5,2013,2,8,2,0,317292.964148,507974.636889,310555.184925,346649.815943,431249.3945891857,390412.59105247137,371944.1463160934
2013-05-09,305868.0570225,Thursday,5,2013,2,9,3,0,332477.410968,348709.460063,268790.618996,306335.8019617,406178.36231475713,391978.4643412572,371471.7328169266
2013-05-10,335937.441949,Friday,5,2013,2,10,4,0,305868.0570225,374291.2510323,304413.556952,312846.374941,400058.1618804,394626.85277172143,371456.14131895336
2013-05-11,512090.58108,Saturday,5,2013,2,11,5,1,335937.441949,520339.515965,446665.337895,303223.41301,394579.04629707144,396878.5588429357,372225.8435525533
2013-05-12,387860.5050145,Sunday,5,2013,2,12,6,1,512090.58108,580268.550981,477623.4729303,314394.967035,393400.6270277857,401551.79049900715,379188.08248822
2013-05-13,350598.06187,Monday,5,2013,2,13,0,0,387860.5050145,369869.383046,328795.874018,453442.497048,365913.7633182857,395140.1499335929,381636.9337542033
2013-05-14,308469.313119,Tuesday,5,2013,2,14,1,0,350598.06187,317292.964148,310186.466894,478417.148813,363160.71743599995,396697.4490658786,378208.7859149367
2013-05-15,329113.560081,Wednesday,5,2013,2,15,2,0,308469.313119,332477.410968,507974.636889,338712.458055,361900.1958604286,396574.79522480717,372543.85805847
2013-05-16,307556.94693700003,Thursday,5,2013,2,16,3,0,329113.560081,305868.0570225,348709.460063,333431.88004899997,361419.6457337143,383799.00402423565,372223.89479267003
2013-05-17,330004.241998,Friday,5,2013,2,17,4,0,307556.94693700003,335937.441949,374291.2510323,334990.518942,361660.9157215,380859.53880095005,371361.39702226996
2013-05-18,480969.558942,Saturday,5,2013,2,18,5,1,330004.241998,512090.58108,520339.515965,281924.509951,360813.3157285,377696.1810127857,371195.1877908034
2013-05-19,518153.554009,Sunday,5,2013,2,19,6,1,480969.558942,387860.5050145,580268.550981,311588.70494,356367.45542307146,374884.0412254286,377830.02275716997
2013-05-20,341787.214991,Monday,5,2013,2,20,0,0,518153.554009,350598.06187,369869.383046,459884.838043,374980.74813657143,370447.2557274286,384715.5177261366
2013-05-21,307178.399952,Tuesday,5,2013,2,21,1,0,341787.214991,308469.313119,317292.964148,485721.032087,373722.0557252857,368441.38658064284,380778.93029107
2013-05-22,301785.4831075,Wednesday,5,2013,2,22,2,0,307178.399952,329113.560081,332477.410968,328886.320986,373537.6395585714,367718.9177095,374827.5092199034
2013-05-23,289261.058026,Thursday,5,2013,2,23,3,0,301785.4831075,307556.94693700003,305868.0570225,302097.8329435,369633.62856235716,365526.6371480357,373924.1479572867
2013-05-24,398389.241982,Friday,5,2013,2,24,4,0,289261.058026,330004.241998,335937.441949,310555.184925,367019.9301465,364340.422934,373496.2554600367
2013-05-25,417930.141993,Saturday,5,2013,2,25,5,1,398389.241982,480969.558942,512090.58108,268790.618996,376789.2158585,368801.26579349994,376424.0573619366
2013-05-26,450631.400068,Sunday,5,2013,2,26,6,1,417930.141993,518153.554009,387860.5050145,304413.556952,367783.5848657857,362075.52014442853,381395.37479517
2013-05-27,321630.8309235,Monday,5,2013,2,27,0,0,450631.400068,341787.214991,350598.06187,446665.337895,358137.5628742143,366559.1555053928,386269.3028990367
2013-05-28,307329.1680565,Tuesday,5,2013,2,28,1,0,321630.8309235,307178.399952,308469.313119,477623.4729303,355258.079436,364490.0675806428,382101.48599998665
2013-05-29,309333.380899,Wednesday,5,2013,2,29,2,0,307329.1680565,301785.4831075,329113.560081,328795.874018,355279.6177366429,364408.62864760717,376425.00917086
2013-05-30,304344.849939,Thursday,5,2013,2,30,3,0,309333.380899,289261.058026,307556.94693700003,310186.466894,356357.88884971425,362995.75870603573,375776.2594002267
2013-05-31,330257.841975,Friday,5,2013,2,31,4,0,304344.849939,398389.241982,330004.241998,507974.636889,358512.71626585716,362766.32320617855,375581.53883505997
2013-06-01,566901.814988,Saturday,6,2013,2,1,5,1,330257.841975,417930.141993,480969.558942,348709.460063,348779.659122,362784.43749025,369657.64567125996
2013-06-02,637698.494958,Sunday,6,2013,2,2,6,1,566901.814988,450631.400068,518153.554009,374291.2510323,370061.3266927143,368922.4557792501,376930.72416876
2013-06-03,426332.097995,Monday,6,2013,2,3,0,0,637698.494958,321630.8309235,341787.214991,520339.515965,396785.1973912857,377461.38013274997,385710.96563295
2013-06-04,369705.160085,Tuesday,6,2013,2,4,1,0,426332.097995,307329.1680565,307178.399952,580268.550981,411742.5212586429,383500.3003473215,382577.38503395003
2013-06-05,361791.080915,Wednesday,6,2013,2,5,2,0,369705.160085,309333.380899,301785.4831075,369869.383046,420653.37726271426,387966.4974996786,375558.6053374167
2013-06-06,317496.765891,Thursday,6,2013,2,6,3,0,361791.080915,304344.849939,289261.058026,317292.964148,428147.33440785715,392252.61162878573,375289.3285997167
2013-06-07,357673.087977,Friday,6,2013,2,7,4,0,317496.765891,330257.841975,398389.241982,332477.410968,430026.1795438571,394269.44790485717,375296.12199114996
2013-06-08,466292.699096,Saturday,6,2013,2,8,5,1,357673.087977,566901.814988,417930.141993,305868.0570225,433942.64325842855,391361.1511902143,376135.97789145
2013-06-09,526804.730256,Sunday,6,2013,2,9,6,1,466292.699096,637698.494958,450631.400068,335937.441949,419569.9124167143,394815.6195547143,381483.4659605667
2013-06-10,349754.291978,Monday,6,2013,2,10,0,0,526804.730256,426332.097995,321630.8309235,512090.58108,403727.94603071426,400256.57171100006,387845.7089041333
2013-06-11,283858.2159925,Tuesday,6,2013,2,11,1,0,349754.291978,369705.160085,307329.1680565,387860.5050145,392788.2594568571,402265.39035775,382434.4992674
2013-06-12,320173.5779987,Wednesday,6,2013,2,12,2,0,283858.2159925,361791.080915,309333.380899,350598.06187,380524.41030078573,400588.89378175,378967.75630000007
2013-06-13,282886.9200452,Thursday,6,2013,2,13,3,0,320173.5779987,317496.765891,304344.849939,308469.313119,374579.0527413143,401363.19357458566,377953.60683762335
2013-06-14,326956.7421072,Friday,6,2013,2,14,4,0,282886.9200452,357673.087977,330257.841975,329113.560081,369634.7890490572,399830.4842964571,377100.86040183
2013-06-15,505950.6668701,Saturday,6,2013,2,15,5,1,326956.7421072,466292.699096,566901.814988,307556.94693700003,365246.7396390857,399594.69144875713,377028.96646937
2013-06-16,435894.082881,Sunday,6,2013,2,16,6,1,505950.6668701,526804.730256,637698.494958,330004.241998,370912.1636068143,395241.0380117643,383642.09046714
2013-06-17,370944.271024,Monday,6,2013,2,17,0,0,435894.082881,349754.291978,426332.097995,480969.558942,357924.9282675286,380826.4371491214,387171.75182990666
2013-06-18,320885.3399215,Tuesday,6,2013,2,18,1,0,370944.271024,283858.2159925,369705.160085,518153.554009,360952.0681312429,376870.16379405,383504.24223264004
2013-06-19,319235.257977,Wednesday,6,2013,2,19,2,0,320885.3399215,320173.5779987,361791.080915,341787.214991,366241.6572639571,373383.03378237144,376928.63509639003
2013-06-20,293877.944015,Thursday,6,2013,2,20,3,0,319235.257977,282886.9200452,317496.765891,307178.399952,366107.6115465714,370343.3321439429,376176.9031959233
2013-06-21,319722.6870265,Friday,6,2013,2,21,4,0,293877.944015,326956.7421072,357673.087977,301785.4831075,367677.7578279714,368656.2734385143,375733.55466469
2013-06-22,446347.312096,Saturday,6,2013,2,22,5,1,319722.6870265,505950.6668701,466292.699096,289261.058026,366644.32138787146,365945.53051347856,376331.46146198997
2013-06-23,504964.845142,Sunday,6,2013,2,23,6,1,446347.312096,435894.082881,526804.730256,398389.241982,358129.5564201429,364520.86001347855,381567.66993099
2013-06-24,336631.9640383,Monday,6,2013,2,24,0,0,504964.845142,370944.271024,349754.291978,417930.141993,367996.8081717143,362960.8682196214,385120.1900363233
2013-06-25,305119.530064,Tuesday,6,2013,2,25,1,0,336631.9640383,320885.3399215,283858.2159925,450631.400068,363095.0500309,362023.55908107146,382410.25077116664
2013-06-26,301847.2489636,Wednesday,6,2013,2,26,2,0,305119.530064,319235.257977,320173.5779987,321630.8309235,360842.7914798286,363542.22437189287,377559.8551043666
2013-06-27,266525.458966,Thursday,6,2013,2,27,3,0,301847.2489636,293877.944015,282886.9200452,307329.1680565,358358.7901922,362233.20086938574,376900.40237236995
2013-06-28,324210.971803,Friday,6,2013,2,28,4,0,266525.458966,319722.6870265,326956.7421072,309333.380899,354451.29232805717,361064.52507801435,375540.27873602003
2013-06-29,509379.108146,Saturday,6,2013,2,29,5,1,324210.971803,446347.312096,505950.6668701,304344.849939,355092.47586755716,360868.39862771425,376036.19843282
2013-06-30,533481.693027,Sunday,6,2013,2,30,6,1,509379.108146,504964.845142,435894.082881,330257.841975,364097.0181604143,361113.28729027853,382870.67370638665
2013-07-01,441758.3880965,Monday,7,2013,3,1,0,0,533481.693027,336631.9640383,370944.271024,566901.814988,368170.85357255716,368083.8308721357,389644.8020747866
2013-07-02,390958.38408,Tuesday,7,2013,3,2,1,0,441758.3880965,305119.530064,320885.3399215,637698.494958,383188.9141523,373141.9820916,385473.35451173666
2013-07-03,374551.917949,Wednesday,7,2013,3,3,2,0,390958.38408,301847.2489636,319235.257977,426332.097995,395451.60758315714,378147.19953149284,377248.68414913665
2013-07-04,327020.179028,Thursday,7,2013,3,4,3,0,374551.917949,266525.458966,293877.944015,369705.160085,405837.98886678566,382098.3895294928,375522.67814760335
2013-07-05,351401.500074,Friday,7,2013,3,5,4,0,327020.179028,324210.971803,319722.6870265,361791.080915,414480.0917327857,384465.6920304214,374099.84544570337
2013-07-06,479514.493924,Saturday,7,2013,3,6,5,1,351401.500074,509379.108146,446347.312096,317496.765891,418364.4529143572,386728.46439095715,373753.5260843366
2013-07-07,500606.073078,Sunday,7,2013,3,7,6,1,479514.493924,533481.693027,504964.845142,357673.087977,414098.0794540714,389097.5488072429,379154.11701877
2013-07-08,365452.995017,Monday,7,2013,3,8,0,0,500606.073078,441758.3880965,336631.9640383,466292.699096,409401.5623185,388786.20794552856,383918.54985547
2013-07-09,317279.1449993,Tuesday,7,2013,3,9,1,0,365452.995017,390958.38408,305119.530064,526804.730256,398500.7918785714,390844.85301543574,380557.22638616996
2013-07-10,314134.886071,Wednesday,7,2013,3,10,2,0,317279.1449993,374551.917949,301847.2489636,349754.291978,387975.1862956143,391713.3969393857,373573.0402109467
2013-07-11,281750.931023,Thursday,7,2013,3,11,3,0,314134.886071,327020.179028,266525.458966,283858.2159925,379344.1817416143,392591.0853042,372385.72668071336
2013-07-12,308786.438133,Friday,7,2013,3,12,4,0,281750.931023,351401.500074,324210.971803,320173.5779987,372877.1463123286,393678.6190225571,372315.4838483967
2013-07-13,432569.1022205,Saturday,7,2013,3,13,5,1,308786.438133,479514.493924,509379.108146,282886.9200452,366789.2803207571,392576.8666175571,371935.91251954
2013-07-14,438722.417857,Sunday,7,2013,3,14,6,1,432569.1022205,500606.073078,533481.693027,326956.7421072,360082.7957916857,387090.4376228786,376925.31859205
2013-07-15,348803.0469486,Monday,7,2013,3,15,0,0,438722.417857,365452.995017,441758.3880965,505950.6668701,351242.2736172572,380321.9179678786,380650.84111704334
2013-07-16,335516.229006,Tuesday,7,2013,3,16,1,0,348803.0469486,317279.1449993,390958.38408,435894.082881,348863.7096074857,373682.2507430286,375412.58711966
2013-07-17,324313.8180255,Wednesday,7,2013,3,17,2,0,335516.229006,314134.886071,374551.917949,370944.271024,351469.0073227286,369722.0968091715,372066.65865715995
2013-07-18,287074.8739522,Thursday,7,2013,3,18,3,0,324313.8180255,281750.931023,327020.179028,320885.3399215,352923.14045908576,366133.66110035,370512.3102238767
2013-07-19,313332.555049,Friday,7,2013,3,19,4,0,287074.8739522,308786.438133,351401.500074,319235.257977,353683.70373468567,363280.42502350715,369385.2946915666
2013-07-20,435497.731013,Saturday,7,2013,3,20,5,1,313332.555049,432569.1022205,479514.493924,293877.944015,354333.1490084,360561.21466457855,369188.53792729997
2013-07-21,437952.624049,Sunday,7,2013,3,21,6,1,435497.731013,438722.417857,500606.073078,319722.6870265,354751.5245501857,357417.1601709357,373909.19749389996
2013-07-22,342802.29905,Monday,7,2013,3,22,0,0,437952.624049,348803.0469486,365452.995017,446347.312096,354641.55400618573,352941.91381172143,377850.19539465004
2013-07-23,316257.463107,Tuesday,7,2013,3,23,1,0,342802.29905,335516.229006,317279.1449993,504964.845142,353784.30430638563,351324.00695693574,374398.6949597833
2013-07-24,309243.7899995,Wednesday,7,2013,3,24,2,0,316257.463107,324313.8180255,314134.886071,336631.9640383,351033.05203509994,351251.0296789143,368108.44889194996
2013-07-25,298074.2249247,Thursday,7,2013,3,25,3,0,309243.7899995,287074.8739522,281750.931023,305119.530064,348880.19088852854,350901.66567380715,367195.5097573233
2013-07-26,318745.692921,Friday,7,2013,3,26,4,0,298074.2249247,313332.555049,308786.438133,301847.2489636,350451.5267417429,352067.6152382143,366960.66625268
2013-07-27,423890.5020012,Saturday,7,2013,3,27,5,1,318745.692921,435497.731013,432569.1022205,266525.458966,351224.83215202857,352778.99058021425,367523.94771792664
2013-07-28,433358.6520873,Sunday,7,2013,3,28,6,1,423890.5020012,437952.624049,438722.417857,324210.971803,349566.65657891426,352159.09056454996,372769.4491524334
2013-07-29,331493.2850525,Monday,7,2013,3,29,0,0,433358.6520873,342802.29905,348803.0469486,509379.108146,348910.3748701,351775.96443814284,376407.70516191
2013-07-30,318553.989932,Tuesday,7,2013,3,30,1,0,331493.2850525,316257.463107,335516.229006,533481.693027,347294.8014418857,350539.5528741357,370478.17772546003
2013-07-31,357982.979012,Wednesday,7,2013,3,31,2,0,318553.989932,309243.7899995,324313.8180255,441758.3880965,347622.8767026,349327.96436885,363313.92095562664
2013-08-01,397555.3181021,Thursday,8,2013,3,1,3,0,357982.979012,298074.2249247,287074.8739522,390958.38408,354585.6179901,351732.90443931427,360521.4073194767
2013-08-02,393831.120007,Friday,8,2013,3,2,4,0,397555.3181021,318745.692921,313332.555049,374551.917949,368797.2027297286,359624.3647357357,360741.3051202133
2013-08-03,516956.846013,Saturday,8,2013,3,3,5,1,393831.120007,423890.5020012,435497.731013,327020.179028,379523.6923134429,365374.2622327357,361383.9451888133
2013-08-04,514267.27594,Sunday,8,2013,3,4,6,1,516956.846013,433358.6520873,437952.624049,351401.500074,392818.88431512855,371192.7704470214,367715.16742164665
2013-08-05,407033.810946,Monday,8,2013,3,5,0,0,514267.27594,331493.2850525,342802.29905,479514.493924,404377.2591512286,376643.81701066426,373144.02661718
2013-08-06,357263.854086,Tuesday,8,2013,3,6,1,0,407033.810946,318553.989932,316257.463107,500606.073078,415168.7628503,381231.78214609285,370728.0038512467
2013-08-07,351302.132003,Wednesday,8,2013,3,7,2,0,357263.854086,357982.979012,309243.7899995,365452.995017,420698.7434437286,384160.8100731643,365949.9298848466
2013-08-08,310953.0239315,Thursday,8,2013,3,8,3,0,351302.132003,397555.3181021,298074.2249247,317279.1449993,419744.3367281571,387164.9773591286,365478.2344510466
2013-08-09,337521.667868,Friday,8,2013,3,9,4,0,310953.0239315,393831.120007,318745.692921,314134.886071,407372.5804180714,388084.89157389995,365267.3637487867
2013-08-10,434184.94409,Saturday,8,2013,3,10,5,1,337521.667868,516956.846013,423890.5020012,281750.931023,399328.3729696428,389426.0326415429,366046.92314202
2013-08-11,434720.3230013,Sunday,8,2013,3,11,6,1,434184.94409,514267.27594,433358.6520873,308786.438133,387503.8155520715,390161.3499336,371128.05691091996
2013-08-12,349539.224033,Monday,8,2013,3,12,0,0,434720.3230013,407033.810946,331493.2850525,432569.1022205,376139.96513225714,390258.61214174284,375325.85307319666
2013-08-13,317103.331061,Tuesday,8,2013,3,13,1,0,349539.224033,357263.854086,318553.989932,438722.417857,367926.4527161143,391547.60778320715,372558.1904669467
2013-08-14,324377.386893,Wednesday,8,2013,3,14,2,0,317103.331061,351302.132003,357982.979012,348803.0469486,362189.2351411143,391443.9892924214,368504.22090708
2013-08-15,311043.17291,Thursday,8,2013,3,15,3,0,324377.386893,310953.0239315,397555.3181021,335516.229006,358342.8429825428,389043.58985535003,367690.03223856
2013-08-16,364487.3218839,Friday,8,2013,3,16,4,0,311043.17291,337521.667868,393831.120007,324313.8180255,358355.72140804294,382864.1509130572,366874.2637020267
2013-08-17,448835.3109167,Saturday,8,2013,3,17,5,1,364487.3218839,434184.94409,516956.846013,287074.8739522,362207.9576960285,380768.16533283575,368213.38049730664
2013-08-18,464053.7730675,Sunday,8,2013,3,18,6,1,448835.3109167,434720.3230013,514267.27594,313332.555049,364300.86724269995,375902.3413973857,373605.39506279
2013-08-19,362085.52696,Monday,8,2013,3,19,0,0,464053.7730675,349539.224033,407033.810946,435497.731013,368491.36010929995,372315.6626207786,378629.4356634067
2013-08-20,343046.11398,Tuesday,8,2013,3,20,1,0,362085.52696,317103.331061,357263.854086,437952.624049,370283.68909887143,369105.07090749283,376182.36219497334
2013-08-21,335724.643932,Wednesday,8,2013,3,21,2,0,343046.11398,324377.386893,351302.132003,342802.29905,373989.80094444286,368089.51804277854,373018.81185934
2013-08-22,306473.26098,Thursday,8,2013,3,22,3,0,335724.643932,311043.17291,310953.0239315,316257.463107,375610.8376643,366976.84032342146,372782.8900220733
2013-08-23,331906.369098,Friday,8,2013,3,23,4,0,306473.26098,364487.3218839,337521.667868,309243.7899995,374957.99310287146,366656.85725545714,372456.7499511734
2013-08-24,420576.154994,Saturday,8,2013,3,24,5,1,331906.369098,448835.3109167,434184.94409,298074.2249247,370303.57127631427,366255.7644861714,373212.1692544567
2013-08-25,443694.09375400003,Sunday,8,2013,3,25,6,1,420576.154994,464053.7730675,434720.3230013,318745.692921,366266.5490016429,365283.70812217146,377295.56692343333
2013-08-26,347159.6410143,Monday,8,2013,3,26,0,0,443694.09375400003,362085.52696,349539.224033,423890.5020012,363358.02338542865,365924.6917473643,381460.5136178667
2013-08-27,319688.2190185,Tuesday,8,2013,3,27,1,0,347159.6410143,343046.11398,317103.331061,433358.6520873,361225.7539646143,365754.7215317429,378902.81825163664
2013-08-28,319322.060993,Wednesday,8,2013,3,28,2,0,319688.2190185,335724.643932,324377.386893,331493.2850525,357888.9118272571,365939.35638585,375113.80381601
2013-08-29,294518.685943,Thursday,8,2013,3,29,3,0,319322.060993,306473.26098,311043.17291,318553.989932,355545.68569311436,365578.26167870715,374708.09634736
2013-08-30,354932.930947,Friday,8,2013,3,30,4,0,294518.685943,331906.369098,364487.3218839,357982.979012,353837.88925925706,364397.94118106423,373906.9195477267
2013-08-31,523631.3811059,Saturday,8,2013,3,31,5,1,354932.930947,420576.154994,448835.3109167,397555.3181021,357127.3980948286,363715.4846855714,373805.2512788933
2013-09-01,640406.221875,Sunday,9,2013,3,1,6,1,523631.3811059,443694.09375400003,464053.7730675,393831.120007,371849.57325367146,369058.0611276571,378007.78671235335
2013-09-02,458792.960966,Monday,9,2013,3,2,0,0,640406.221875,347159.6410143,362085.52696,516956.846013,399951.30584238574,381654.6646139071,386226.95677462
2013-09-03,397680.420032,Tuesday,9,2013,3,3,1,0,458792.960966,319688.2190185,343046.11398,514267.27594,415898.92297834286,388562.3384714786,384288.16060638666
2013-09-04,392565.48591,Wednesday,9,2013,3,4,2,0,397680.420032,319322.060993,335724.643932,407033.810946,427040.6659802714,392464.78890376433,380401.93207612
2013-09-05,330622.779063,Thursday,9,2013,3,5,3,0,392565.48591,294518.685943,306473.26098,357263.854086,437504.0123969857,396524.84904505,379919.65457492
2013-09-06,335442.247929,Friday,9,2013,3,6,4,0,330622.779063,354932.930947,331906.369098,351302.132003,442661.73998555716,398249.81462240714,379031.61874082003
2013-09-07,518584.247,Saturday,9,2013,3,7,5,1,335442.247929,523631.3811059,420576.154994,310953.0239315,439877.3566972714,398502.37739604997,378502.9559383533
2013-09-08,560852.005091,Sunday,9,2013,3,8,6,1,518584.247,640406.221875,443694.09375400003,337521.667868,439156.3375392857,405502.95539647853,385423.99670730333
2013-09-09,377151.7070027,Monday,9,2013,3,9,0,0,560852.005091,458792.960966,347159.6410143,434184.94409,427791.44942728576,413871.3776348357,392868.3412814034
2013-09-10,308074.4658225,Tuesday,9,2013,3,10,1,0,377151.7070027,397680.420032,319688.2190185,434720.3230013,416128.4131468143,416013.66806257854,390967.23337849334
2013-09-11,323124.61884999997,Wednesday,9,2013,3,11,2,0,308074.4658225,392565.48591,319322.060993,349539.224033,403327.5625454572,415184.1142628643,386745.70480586664
2013-09-12,282855.730937,Thursday,9,2013,3,12,3,0,323124.61884999997,330622.779063,294518.685943,317103.331061,393407.4386797428,415455.72553836426,385865.2179664333
2013-09-13,319556.942029,Friday,9,2013,3,13,4,0,282855.730937,335442.247929,354932.930947,324377.386893,386583.57466174284,414622.65732365,384723.6312956333
2013-09-14,476364.004996,Saturday,9,2013,3,14,5,1,319556.942029,518584.247,523631.3811059,311043.17291,384314.2452474572,412095.8009723643,384562.94980016665
2013-09-15,532852.959041,Sunday,9,2013,3,15,6,1,476364.004996,560852.005091,640406.221875,364487.3218839,378282.78210402856,408719.5598216572,390073.6442030333
2013-09-16,373229.840879,Monday,9,2013,3,16,0,0,532852.959041,377151.7070027,458792.960966,448835.3109167,374282.9183826,401037.18390494277,395685.83210827
2013-09-17,327282.949966,Tuesday,9,2013,3,17,1,0,373229.840879,308074.4658225,397680.420032,464053.7730675,373722.6517935,394925.5324701572,393165.64977367996
2013-09-18,315687.718926,Wednesday,9,2013,3,18,2,0,327282.949966,323124.61884999997,392565.48591,362085.52696,376466.72095685714,389897.1417511571,388606.6223369633
2013-09-19,279580.372008,Thursday,9,2013,3,19,3,0,315687.718926,282855.730937,330622.779063,343046.11398,375404.30668200005,384405.8726808714,387060.0287358299
2013-09-20,331846.9039701,Friday,9,2013,3,20,4,0,279580.372008,319556.942029,335442.247929,335724.643932,374936.3982635714,380759.98646265717,384944.50400343
2013-09-21,468298.380896,Saturday,9,2013,3,21,5,1,331846.9039701,476364.004996,518584.247,306473.26098,376692.1071123,380503.17617987853,384815.2460047
2013-09-22,502068.7019007,Sunday,9,2013,3,22,6,1,468298.380896,532852.959041,560852.005091,331906.369098,375539.87509801425,376911.32860102144,390209.4166685667
2013-09-23,356043.0340047,Monday,9,2013,3,23,0,0,502068.7019007,373229.840879,377151.7070027,420576.154994,371142.12407797144,372712.5212302857,395881.49442865665
2013-09-24,303333.392926,Tuesday,9,2013,3,24,1,0,356043.0340047,327282.949966,308074.4658225,443694.09375400003,368686.86595307145,371204.7588732857,393730.39039568003
2013-09-25,312490.104996,Wednesday,9,2013,3,25,2,0,303333.392926,315687.718926,323124.61884999997,347159.6410143,365265.5006616429,370866.11080925,389051.70036808006
2013-09-26,273057.8798588,Thursday,9,2013,3,26,3,0,312490.104996,279580.372008,282855.730937,319688.2190185,364808.69867164287,370106.50267682143,387896.04916747
2013-09-27,320246.574024,Friday,9,2013,3,27,4,0,273057.8798588,331846.9039701,319556.942029,319322.060993,363876.91407890007,369406.6561712357,386341.7045288133
2013-09-28,484903.6890081,Saturday,9,2013,3,28,5,1,320246.574024,468298.380896,476364.004996,294518.685943,362219.7240866,369455.91559944995,386372.52162984665
2013-09-29,522868.441946,Sunday,9,2013,3,29,6,1,484903.6890081,502068.7019007,532852.959041,354932.930947,364591.9109597571,370065.8930288857,392718.6883986833
2013-09-30,367068.4500143,Monday,9,2013,3,30,0,0,522868.441946,356043.0340047,373229.840879,523631.3811059,367563.30239479995,369352.7132363858,398316.53876531665
2013-10-01,436441.034076,Tuesday,10,2013,4,1,1,0,367068.4500143,303333.392926,327282.949966,640406.221875,369138.36182474287,368912.61388890713,393097.7743955966
2013-10-02,414455.6550375,Wednesday,10,2013,4,2,2,0,436441.034076,312490.104996,315687.718926,458792.960966,388153.7391318857,376709.6198967643,386298.9348022967
2013-10-03,348933.24703,Thursday,10,2013,4,3,3,0,414455.6550375,273057.8798588,279580.372008,397680.420032,402720.24628067145,383764.47247615707,384821.02460468
2013-10-04,378109.978059,Friday,10,2013,4,4,4,0,348933.24703,320246.574024,331846.9039701,392565.48591,413559.5844479858,388718.2492634429,383196.1188379467
2013-10-05,540156.625057,Saturday,10,2013,4,5,5,1,378109.978059,484903.6890081,468298.380896,330622.779063,421825.7850244143,392022.75455550716,382714.2685762466
2013-10-06,553031.424016,Sunday,10,2013,4,6,6,1,540156.625057,522868.441946,502068.7019007,335442.247929,429719.06160282856,397155.48628129286,389698.73010938
2013-10-07,373387.109043,Monday,10,2013,4,7,0,0,553031.424016,367068.4500143,356043.0340047,518584.247,434028.05904140003,400795.6807181,396951.7026456134
2013-10-08,326726.7240121,Tuesday,10,2013,4,8,1,0,373387.109043,436441.034076,303333.392926,560852.005091,434930.72461692855,402034.54322083574,392111.7980470467
2013-10-09,322529.418957,Wednesday,10,2013,4,9,2,0,326726.7240121,414455.6550375,312490.104996,377151.7070027,419257.25175065716,403705.49544127146,384307.62201108335
2013-10-10,305047.09805760003,Thursday,10,2013,4,10,3,0,322529.418957,348933.24703,273057.8798588,308074.4658225,406124.93231058575,404422.58929562854,382486.8790762267
2013-10-11,402913.849028,Friday,10,2013,4,11,4,0,305047.09805760003,378109.978059,320246.574024,323124.61884999997,399855.4824573857,406707.53345268575,382385.9668173967
2013-10-12,426379.6909939,Saturday,10,2013,4,12,5,1,402913.849028,540156.625057,484903.6890081,282855.730937,403398.89259581425,412612.33881011425,385045.60782333004
2013-10-13,481781.2559686,Sunday,10,2013,4,13,6,1,426379.6909939,553031.424016,522868.441946,319556.942029,387145.0448725143,408432.05323767144,389829.73982522666
2013-10-14,342694.7209944,Monday,10,2013,4,14,0,0,481781.2559686,373387.109043,367068.4500143,476364.004996,376966.4494371714,405497.2542392857,395237.21695654665
2013-10-15,305242.569986,Tuesday,10,2013,4,15,1,0,342694.7209944,326726.7240121,436441.034076,532852.959041,372581.8225730857,403756.27359500714,390781.57415649336
2013-10-16,355696.963943,Wednesday,10,2013,4,16,2,0,305242.569986,322529.418957,414455.6550375,373229.840879,369512.6577122143,394384.9547314357,383194.5611879933
2013-10-17,312949.412961,Thursday,10,2013,4,17,3,0,355696.963943,305047.09805760003,348933.24703,327282.949966,374250.8784245,390187.9053675429,382610.13195679337
2013-10-18,323327.873107,Friday,10,2013,4,18,4,0,312949.412961,402913.849028,378109.978059,315687.718926,375379.78055355715,387617.6315054715,382132.34738995996
2013-10-19,488245.570001,Saturday,10,2013,4,19,5,1,323327.873107,426379.6909939,540156.625057,279580.372008,364010.3554219857,383704.6240089,382387.0191959934
2013-10-20,537713.5090483,Sunday,10,2013,4,20,6,1,488245.570001,481781.2559686,553031.424016,331846.9039701,372848.3381372857,379996.6915049,389342.52579576
2013-10-21,348721.327971,Monday,10,2013,4,21,0,0,537713.5090483,342694.7209944,373387.109043,468298.380896,380838.6600058143,378902.55472149287,396204.74596503336
2013-10-22,301641.7850828,Tuesday,10,2013,4,22,1,0,348721.327971,305242.569986,326726.7240121,502068.7019007,381699.6038596143,377140.71321635,392218.84420086665
2013-10-23,323105.11598,Wednesday,10,2013,4,23,2,0,301641.7850828,355696.963943,322529.418957,356043.0340047,381185.20601629996,375348.93186425715,385537.94697360334
2013-10-24,276059.0800025,Thursday,10,2013,4,24,3,0,323105.11598,312949.412961,305047.09805760003,303333.392926,376529.22773587145,375390.0530801857,384440.01637278
2013-10-25,317570.4260338,Friday,10,2013,4,25,4,0,276059.0800025,323327.873107,402913.849028,312490.104996,371259.1801703714,373319.48036196426,383530.87260866334
2013-10-26,452902.363914,Saturday,10,2013,4,26,5,1,317570.4260338,488245.570001,426379.6909939,273057.8798588,370436.68773134286,367223.5215766643,383700.2166432567
2013-10-27,512891.4830689,Sunday,10,2013,4,27,6,1,452902.363914,537713.5090483,481781.2559686,320246.574024,365387.6582903429,369117.9982138142,389695.03277843003
2013-10-28,346941.91396,Monday,10,2013,4,28,0,0,512891.4830689,348721.327971,342694.7209944,484903.6890081,361841.654579,371340.1572924071,396116.5297465933
2013-10-29,302332.9969864,Tuesday,10,2013,4,29,1,0,346941.91396,301641.7850828,305242.569986,522868.441946,361587.45257742854,371643.52821852145,391517.80391165667
2013-10-30,319494.7050373,Wednesday,10,2013,4,30,2,0,302332.9969864,323105.11598,355696.963943,367068.4500143,361686.1971350857,371435.70157569286,384166.6224130033
2013-10-31,298195.433106,Thursday,10,2013,4,31,3,0,319494.7050373,276059.0800025,312949.412961,436441.034076,361170.42414327146,368849.8259395714,382580.83091376995
2013-11-01,403637.232955,Friday,11,2013,4,1,4,0,298195.433106,317570.4260338,323327.873107,414455.6550375,364332.7603009143,367795.97023564286,377972.64421477
2013-11-02,540615.555037,Saturday,11,2013,4,2,5,1,403637.232955,452902.363914,488245.570001,348933.24703,376628.0184325143,373532.35308192857,377612.03014535335
2013-11-03,602796.556029,Sunday,11,2013,4,3,6,1,540615.555037,512891.4830689,537713.5090483,378109.978059,389158.4743072285,377273.06629878574,384001.4404122533
2013-11-04,424314.167046,Monday,11,2013,4,4,0,0,602796.556029,346941.91396,348721.327971,540156.625057,402002.05615867145,381921.85536883574,391490.99301125336
2013-11-05,393322.182909,Tuesday,11,2013,4,5,1,0,424314.167046,302332.9969864,301641.7850828,553031.424016,413055.2351709571,387321.34387419285,387629.57774422003
2013-11-06,386426.9788195,Wednesday,11,2013,4,6,2,0,393322.182909,319494.7050373,323105.11598,373387.109043,426053.69030275714,393869.9437189214,382305.93637398665
2013-11-07,346293.3400477,Thursday,11,2013,4,7,3,0,386426.9788195,298195.433106,276059.0800025,326726.7240121,435615.4437002143,398392.9339217429,382740.59869986994
2013-11-08,358473.978049,Friday,11,2013,4,8,4,0,346293.3400477,403637.232955,317570.4260338,322529.418957,442486.57326331426,403409.66678211425,383392.81923439
2013-11-09,513850.32307,Saturday,11,2013,4,9,5,1,358473.978049,540615.555037,452902.363914,305047.09805760003,436034.6797053143,406331.34906891425,384590.97120412334
2013-11-10,587666.490239,Sunday,11,2013,4,10,6,1,513850.32307,602796.556029,512891.4830689,402913.849028,432211.0751386,410684.77472291427,391551.07870453666
2013-11-11,374087.890067,Monday,11,2013,4,11,0,0,587666.490239,424314.167046,346941.91396,426379.6909939,430049.63716859993,416025.84666363575,397709.5000782366
2013-11-12,373277.748034,Tuesday,11,2013,4,12,1,0,374087.890067,393322.182909,302332.9969864,481781.2559686,422874.4547430286,417964.84495699283,395966.44004733994
2013-11-13,332279.2568851,Wednesday,11,2013,4,13,2,0,373277.748034,386426.9788195,319494.7050373,342694.7209944,420010.9640466,423032.32717467856,392349.65644952
2013-11-14,284567.4029707,Thursday,11,2013,4,14,3,0,332279.2568851,346293.3400477,298195.433106,305242.569986,412275.5751988286,423945.5094495214,392002.4743125433
2013-11-15,349383.296052,Friday,11,2013,4,15,4,0,284567.4029707,358473.978049,403637.232955,355696.963943,403457.5841878285,422972.0787255714,391313.3020787
2013-11-16,524065.5881155,Saturday,11,2013,4,16,5,1,349383.296052,513850.32307,540615.555037,312949.412961,402158.91533111426,419096.79751821427,391102.8464823333
2013-11-17,579209.228924,Sunday,11,2013,4,17,6,1,524065.5881155,587666.490239,602796.556029,323327.873107,403618.2389090429,417914.65702382143,398140.05232081667
2013-11-18,391945.551999,Monday,11,2013,4,18,0,0,579209.228924,374087.890067,424314.167046,488245.570001,402410.05872118566,416229.8479448929,406669.43084805
2013-11-19,329455.2710234,Tuesday,11,2013,4,19,1,0,391945.551999,373277.748034,393322.182909,537713.5090483,404961.1532829,413917.8040129643,403459.4302479833
2013-11-20,354337.734795,Wednesday,11,2013,4,20,2,0,329455.2710234,332279.2568851,386426.9788195,348721.327971,398700.79942424287,409355.8817354214,396517.48898048664
2013-11-21,298047.047965,Thursday,11,2013,4,21,3,0,354337.734795,284567.4029707,346293.3400477,301641.7850828,401852.0105542286,407063.7928765286,396704.70254128665
2013-11-22,340734.213038,Friday,11,2013,4,22,4,0,298047.047965,349383.296052,358473.978049,323105.11598,403777.6741248429,403617.6291563357,396584.8779706934
2013-11-23,485544.298837,Saturday,11,2013,4,23,5,1,340734.213038,524065.5881155,513850.32307,276059.0800025,402542.0908371286,402350.50308412145,397172.5145392933
2013-11-24,550925.293106,Sunday,11,2013,4,24,6,1,485544.298837,579209.228924,587666.490239,317570.4260338,397039.0495116286,400328.64421033574,404155.35516711004
2013-11-25,365965.5090102,Monday,11,2013,4,25,0,0,550925.293106,391945.551999,374087.890067,452902.363914,392998.4872519142,397704.27298654994,411933.8507361833
2013-11-26,323292.830024,Tuesday,11,2013,4,26,1,0,365965.5090102,329455.2710234,373277.748034,512891.4830689,389287.0525392285,397124.1029110643,409035.9555727233
2013-11-27,337083.286026,Wednesday,11,2013,4,27,2,0,323292.830024,354337.734795,332279.2568851,346941.91396,388406.7038250286,393553.75162463577,402716.00047122664
2013-11-28,305982.981947,Thursday,11,2013,4,28,3,0,337083.286026,298047.047965,284567.4029707,302332.9969864,385941.78257231426,393896.89656327147,402387.37954009336
2013-11-29,357000.404165,Friday,11,2013,4,29,4,0,305982.981947,340734.213038,349383.296052,319494.7050373,387075.4874268857,395426.5807758643,402509.0457054467
2013-11-30,541977.655801,Saturday,11,2013,4,30,5,1,357000.404165,485544.298837,524065.5881155,298195.433106,389399.22901645716,395970.6599267929,403759.23567637
2013-12-01,698217.128989,Sunday,12,2013,4,1,6,1,541977.655801,550925.293106,579209.228924,403637.232955,397461.1371541714,397250.0933329,411885.3097662033
2013-12-02,495488.366984,Monday,12,2013,4,2,0,0,698217.128989,365965.5090102,391945.551999,540615.555037,418502.8279946,405750.65762325714,421704.6396340033
2013-12-03,424438.046973,Tuesday,12,2013,4,3,1,0,495488.366984,323292.830024,329455.2710234,602796.556029,437006.09341942857,413146.5729793286,420200.40003223665
2013-12-04,424147.0459855,Wednesday,12,2013,4,4,2,0,424438.046973,337083.286026,354337.734795,424314.167046,451455.4101264286,419931.05697572854,414255.11639703665
2013-12-05,386406.804985,Thursday,12,2013,4,5,3,0,424147.0459855,305982.981947,298047.047965,393322.182909,463893.09012064285,424917.4363464786,414249.54569502
2013-12-06,432661.755068,Friday,12,2013,4,6,4,0,386406.804985,357000.404165,340734.213038,386426.9788195,475382.20769749995,431228.8475621929,414019.0330975533
2013-12-07,537181.319801,Saturday,12,2013,4,7,5,1,432661.755068,541977.655801,485544.298837,346293.3400477,486190.9721122143,437795.10056433576,415560.1923058367
2013-12-08,588855.895921,Sunday,12,2013,4,8,6,1,537181.319801,698217.128989,550925.293106,358473.978049,485505.78125507146,441483.4592046215,421923.12496428
2013-12-09,442309.3141075,Monday,12,2013,4,9,0,0,588855.895921,495488.366984,365965.5090102,513850.32307,469882.74795964285,444192.7879771214,429602.52222668
2013-12-10,414421.695986,Tuesday,12,2013,4,10,1,0,442309.3141075,424438.046973,323292.830024,587666.490239,462285.74040585716,449645.91691264283,427217.82192793005
2013-12-11,422957.198908,Wednesday,12,2013,4,11,2,0,414421.695986,424147.0459855,337083.286026,374087.890067,460854.833122,456155.1216242142,421442.99545283
2013-12-12,384256.080979,Thursday,12,2013,4,12,3,0,422957.198908,386406.804985,305982.981947,373277.748034,460684.85496807145,462288.9725443571,423071.9724141967
2013-12-13,434657.0129787,Friday,12,2013,4,13,4,0,384256.080979,432661.755068,357000.404165,332279.2568851,460377.6086815,467879.9081894999,423437.9168456967
2013-12-14,554911.917024,Saturday,12,2013,4,14,5,1,434657.0129787,537181.319801,541977.655801,284567.4029707,460662.64552588575,473426.80881904997,426850.50871548336
2013-12-15,642015.7758165,Sunday,12,2013,4,15,6,1,554911.917024,588855.895921,698217.128989,349383.296052,463195.5879863143,474350.68462069286,435861.99251726
2013-12-16,516060.290853,Monday,12,2013,4,16,0,0,642015.7758165,442309.3141075,495488.366984,524065.5881155,470789.85654281423,470336.30225122854,445616.40850941004
2013-12-17,480470.7168425,Tuesday,12,2013,4,17,1,0,516060.290853,414421.695986,424438.046973,579209.228924,481325.7103636,471805.7253847286,445349.56526732666
2013-12-18,527481.336925,Wednesday,12,2013,4,18,2,0,480470.7168425,422957.198908,424147.0459855,391945.551999,490761.28477167146,475808.05894683575,442058.2815312767
2013-12-19,507461.038187,Thursday,12,2013,4,19,3,0,527481.336925,384256.080979,386406.804985,329455.2710234,505693.3044883857,483189.07972822856,446576.14102881
2013-12-20,544104.2676365,Friday,12,2013,4,20,4,0,507461.038187,434657.0129787,432661.755068,354337.734795,523294.0126609571,491835.81067122857,452509.66660093
2013-12-21,685673.07474,Saturday,12,2013,4,21,5,1,544104.2676365,554911.917024,537181.319801,298047.047965,538929.3347549286,499795.99014040723,458835.2176956467
2013-12-22,696295.146867,Sunday,12,2013,4,22,6,1,685673.07474,642015.7758165,588855.895921,340734.213038,557609.5001429286,510402.5440646214,471756.0852548133
2013-12-23,792865.284427,Monday,12,2013,4,23,0,0,696295.146867,516060.290853,442309.3141075,485544.298837,565363.6960072857,518076.77627505,483608.11638244666
2013-12-24,620663.290732,Tuesday,12,2013,4,24,1,0,792865.284427,480470.7168425,414421.695986,550925.293106,604907.2665178571,543116.4884407286,493852.14923544665
2013-12-26,470731.1624137,Thursday,12,2013,4,26,3,0,620663.290732,527481.336925,422957.198908,365965.5090102,624934.7770735,557848.0309225857,496176.7491563133
2013-12-27,479314.96804300003,Friday,12,2013,4,27,4,0,470731.1624137,507461.038187,384256.080979,323292.830024,616827.6092861714,561260.4568872786,499668.9376030967
2013-12-28,556952.305979,Saturday,12,2013,4,28,5,1,479314.96804300003,544104.2676365,434657.0129787,337083.286026,612806.7421227429,568050.37739185,504869.6755370634
2013-12-29,499719.5049237,Sunday,12,2013,4,29,6,1,556952.305979,685673.07474,554911.917024,305982.981947,614642.1761716714,576785.7554633,512198.64286883
2013-12-30,635134.7358515,Monday,12,2013,4,30,0,0,499719.5049237,696295.146867,642015.7758165,357000.404165,588077.3804836286,572843.4403132786,518656.52696805337
2013-12-31,507264.6630475,Tuesday,12,2013,4,31,1,0,635134.7358515,792865.284427,516060.290853,541977.655801,579340.1789099857,572351.9374586357,527927.6713576034
2014-01-01,8602.065404,Wednesday,1,2014,1,1,2,0,507264.6630475,620663.290732,480470.7168425,698217.128989,538540.0901414857,571723.6783296715,526770.5715991533
2014-01-02,801011.226041,Thursday,1,2014,1,2,3,0,8602.065404,470731.1624137,527481.336925,495488.366984,451102.7722374857,538018.7746554929,503783.4028129867
2014-01-03,680672.845603,Friday,1,2014,1,3,4,0,801011.226041,479314.96804300003,507461.038187,424438.046973,498285.63846995716,557556.6238780643,513967.4981148867
2014-01-04,936628.8866039,Saturday,1,2014,1,4,5,1,680672.845603,556952.305979,544104.2676365,424147.0459855,527051.0495499572,569928.8958363499,522508.65806922
2014-01-05,949618.78894,Sunday,1,2014,1,5,6,1,936628.8866039,499719.5049237,685673.07474,386406.804985,581290.5610678,597966.3686197357,539591.3860898333
2014-01-06,602268.564009,Monday,1,2014,1,6,0,0,949618.78894,635134.7358515,696295.146867,432661.755068,645561.8873558429,616819.6339197357,558365.1188883333
2014-01-07,563450.5988595,Tuesday,1,2014,1,7,1,0,602268.564009,507264.6630475,792865.284427,537181.319801,640866.7199497714,610103.4494298786,564018.6791863666
2014-01-08,636176.853478,Wednesday,1,2014,1,8,2,0,563450.5988595,8602.065404,620663.290732,588855.895921,648893.2822086286,593716.6861750571,564894.32182165
2014-01-09,496377.933414,Thursday,1,2014,1,9,3,0,636176.853478,801011.226041,470731.1624137,442309.3141075,738546.8233620572,594824.7977997714,566471.68707355
2014-01-10,543055.329066,Friday,1,2014,1,10,4,0,496377.933414,680672.845603,479314.96804300003,414421.695986,695027.7815582,596656.7100140785,568273.9743837666
2014-01-11,787321.455619,Saturday,1,2014,1,11,5,1,543055.329066,936628.8866039,556952.305979,422957.198908,675368.1363386286,601209.5929442929,572561.7621531
2014-01-12,844633.598917,Sunday,1,2014,1,12,6,1,787321.455619,949618.78894,499719.5049237,384256.080979,654038.5033407856,617664.5322042928,584707.2373767999
2014-01-13,555547.0150185,Monday,1,2014,1,13,0,0,844633.598917,602268.564009,635134.7358515,434657.0129787,639040.6190517858,642301.2532038143,600053.1546413999
2014-01-14,502643.104285,Tuesday,1,2014,1,14,1,0,555547.0150185,563450.5988595,507264.6630475,554911.917024,632366.1120531429,636616.4160014571,604082.8213760599
2014-01-15,567067.469069,Wednesday,1,2014,1,15,2,0,502643.104285,636176.853478,8602.065404,642015.7758165,623679.3271139285,636286.3046612786,602340.5276180934
2014-01-16,502789.214207,Thursday,1,2014,1,16,3,0,567067.469069,496377.933414,801011.226041,516060.290853,613806.557912643,676176.69063735,599842.2507265101
2014-01-17,542937.915657,Friday,1,2014,1,17,4,0,502789.214207,543055.329066,680672.845603,480470.7168425,614722.4551687856,654875.1183634929,599399.8815049767
2014-01-18,786779.8899055,Saturday,1,2014,1,18,5,1,542937.915657,787321.455619,936628.8866039,527481.336925,614705.6818246429,645036.9090816358,601482.12146546
2014-01-19,851735.334091,Sunday,1,2014,1,19,6,1,786779.8899055,844633.598917,949618.78894,507461.038187,614628.3152941428,634333.4093174643,610125.40656481
2014-01-20,575850.061871,Monday,1,2014,1,20,0,0,851735.334091,555547.0150185,602268.564009,544104.2676365,615642.8488904285,627341.733971107,621601.2164282766
2014-01-21,538817.207912,Tuesday,1,2014,1,21,1,0,575850.061871,502643.104285,563450.5988595,685673.07474,618543.2841550715,625454.698104107,622659.4095694267
2014-01-22,553097.596874,Wednesday,1,2014,1,22,2,0,538817.207912,567067.469069,636176.853478,696295.146867,623711.0132446429,623695.1701792857,617764.2140084933
2014-01-23,460789.0398597,Thursday,1,2014,1,23,3,0,553097.596874,502789.214207,496377.933414,792865.284427,621715.3172167857,617760.9375647142,612990.9623420599
2014-01-24,526124.572256,Friday,1,2014,1,24,4,0,460789.0398597,542937.915657,543055.329066,620663.290732,615715.2923100286,615218.8737394072,601921.7541898167
2014-01-25,733880.979053,Saturday,1,2014,1,25,5,1,526124.572256,786779.8899055,787321.455619,470731.1624137,613313.3861098858,614009.5339672642,598770.4635739499
2014-01-26,814057.732862,Sunday,1,2014,1,26,6,1,733880.979053,851735.334091,844633.598917,479314.96804300003,605756.3988452429,610192.3570696928,607542.1241285934
2014-01-27,540798.833711,Monday,1,2014,1,27,0,0,814057.732862,575850.061871,555547.0150185,556952.305979,600373.8843839571,608008.3666371929,618700.2162892267
2014-01-28,481593.435798,Tuesday,1,2014,1,28,1,0,540798.833711,538817.207912,502643.104285,499719.5049237,595366.5660753858,606954.9251152286,618161.7672136266
2014-01-29,512853.989922,Wednesday,1,2014,1,29,2,0,481593.435798,553097.596874,567067.469069,635134.7358515,587191.7414876714,605451.3773661571,617557.5649094366
2014-01-30,453642.9707033,Thursday,1,2014,1,30,3,0,512853.989922,460789.0398597,502789.214207,507264.6630475,581442.6547802428,601578.9859985142,613481.54004512
2014-01-31,560816.192394,Friday,1,2014,1,31,4,0,453642.9707033,526124.572256,542937.915657,8602.065404,580421.7877579,598068.5400339642,611694.1503003134
2014-02-01,648870.19898,Saturday,2,2014,1,1,5,1,560816.192394,733880.979053,786779.8899055,801011.226041,585377.7334919,599345.5598008928,630101.2878666467
2014-02-02,619805.537102,Sunday,2,2014,1,2,6,1,648870.19898,814057.732862,851735.334091,680672.845603,573233.3363386143,589494.8675919286,625029.9202979467
2014-02-03,461637.5229585,Monday,2,2014,1,3,0,0,619805.537102,540798.833711,575850.061871,936628.8866039,545483.0226586143,572928.4535212857,623001.01001458
2014-02-04,403189.5869763,Tuesday,2,2014,1,4,1,0,461637.5229585,481593.435798,538817.207912,949618.78894,534174.2639796857,564770.4150275358,607167.9645597334
2014-02-05,399138.3059075,Wednesday,2,2014,1,5,2,0,403189.5869763,512853.989922,553097.596874,602268.564009,522973.71414801426,555082.7278178429,588953.6578276099
2014-02-06,359139.101529,Thursday,2,2014,1,6,3,0,399138.3059075,453642.9707033,460789.0398597,563450.5988595,506728.6164316571,544085.63560595,582182.6492242267
2014-02-07,389471.568011,Friday,2,2014,1,7,4,0,359139.101529,560816.192394,526124.572256,636176.853478,493228.0636924715,536824.9257251857,575372.2659798766
2014-02-08,530128.059914,Saturday,2,2014,1,8,5,1,389471.568011,648870.19898,733880.979053,496377.933414,468750.2602091857,527063.9968505428,567148.75646431
2014-02-09,520753.7470746,Sunday,2,2014,1,9,6,1,530128.059914,619805.537102,814057.732862,543055.329066,451787.0974854714,512510.2169120428,568273.7606809767
2014-02-10,396622.737011,Monday,2,2014,1,10,0,0,520753.7470746,461637.5229585,540798.833711,787321.455619,437636.84176727146,491559.93221294286,567530.3746145966
2014-02-11,358382.7339877,Tuesday,2,2014,1,11,1,0,396622.737011,403189.5869763,481593.435798,844633.598917,428349.0152033429,481261.63959151425,554507.08399433
2014-02-12,387758.393971,Wednesday,2,2014,1,12,2,0,358382.7339877,399138.3059075,512853.989922,555547.0150185,421948.03620497143,472460.8751764928,538298.72183002
2014-02-13,347373.2985675,Thursday,2,2014,1,13,3,0,387758.393971,359139.101529,453642.9707033,502643.104285,420322.33449975715,463525.4754657071,532705.7677951033
2014-02-14,361206.4069057,Friday,2,2014,1,14,4,0,347373.2985675,389471.568011,560816.192394,567067.469069,418641.50550525717,455934.7845988643,527530.1076045199
2014-02-15,538893.357859,Saturday,2,2014,1,15,5,1,361206.4069057,530128.059914,648870.19898,502789.214207,414603.6253473571,441676.94277827145,520668.07219907665
2014-02-16,595300.23508,Sunday,2,2014,1,16,6,1,538893.357859,520753.7470746,619805.537102,542937.915657,415855.81076807145,433821.4541267714,521871.5436541433
2014-02-17,412029.2879535,Monday,2,2014,1,17,0,0,595300.23508,396622.737011,461637.5229585,786779.8899055,426505.3090545571,432071.07541091426,523616.9543015767
2014-02-18,365331.247942,Tuesday,2,2014,1,18,1,0,412029.2879535,358382.7339877,403189.5869763,851735.334091,428706.24490348576,428527.6300534143,511125.26756984333
2014-02-19,360161.6390075,Wednesday,2,2014,1,19,2,0,365331.247942,387758.393971,399138.3059075,575850.061871,429698.88975410006,425823.4629795357,494911.7980315433
2014-02-20,322451.9201135,Thursday,2,2014,1,20,3,0,360161.6390075,347373.2985675,359139.101529,538817.207912,425756.49618788576,423039.41534382146,487722.1839360933
2014-02-21,369403.653633,Friday,2,2014,1,21,4,0,322451.9201135,361206.4069057,389471.568011,553097.596874,422196.29926588567,420418.9023855714,480510.0076761433
2014-02-22,538206.082827,Saturday,2,2014,1,22,5,1,369403.653633,538893.357859,530128.059914,460789.0398597,423367.3345126429,418985.47993,474386.87623477663
2014-02-23,487896.463891,Sunday,2,2014,1,23,6,1,538206.082827,595300.23508,520753.7470746,526124.572256,423269.1523652143,419562.4815666429,476967.44433368667
2014-02-24,404224.188997,Monday,2,2014,1,24,0,0,487896.463891,412029.2879535,396622.737011,733880.979053,407925.7564810714,417215.5327678143,475693.1740548533
2014-02-25,351418.110084,Tuesday,2,2014,1,25,1,0,404224.188997,365331.247942,358382.7339877,814057.732862,406810.7423444285,417758.4936239571,464704.61438632
2014-02-26,353604.266985,Wednesday,2,2014,1,26,2,0,351418.110084,360161.6390075,387758.393971,540798.833711,404823.1512218571,417261.0204879786,449283.2936270533
2014-02-27,330330.185244,Thursday,2,2014,1,27,3,0,353604.266985,322451.9201135,347373.2985675,481593.435798,403886.3837900714,414821.4399889786,443043.4747361867
2014-02-28,425624.795466,Friday,2,2014,1,28,4,0,330330.185244,369403.653633,361206.4069057,512853.989922,405011.8502372857,413604.0747515857,438001.36638438667
2014-03-01,911360.2578707,Saturday,3,2014,1,1,5,1,425624.795466,538206.082827,538893.357859,453642.9707033,413043.4419277143,418205.38822017855,435093.72656918666
2014-03-02,667413.052988,Sunday,3,2014,1,2,6,1,911360.2578707,487896.463891,595300.23508,560816.192394,466351.1812196714,444810.1667924429,450350.96947476664
2014-03-03,613973.031386,Monday,3,2014,1,3,0,0,667413.052988,404224.188997,412029.2879535,648870.19898,491996.40823352855,449961.08235730004,453904.19816123333
2014-03-04,748930.902096,Tuesday,3,2014,1,4,1,0,613973.031386,351418.110084,365331.247942,619805.537102,521960.52857481426,464385.6354596214,452740.9592414333
2014-03-05,741756.416525,Wednesday,3,2014,1,5,2,0,748930.902096,353604.266985,360161.6390075,461637.5229585,578748.0702908143,491785.6107563357,457045.1380745666
2014-03-06,614082.444339,Thursday,3,2014,1,6,3,0,741756.416525,330330.185244,322451.9201135,403189.5869763,634198.3773679571,519042.38057901425,466382.43452678336
2014-03-07,598242.341178,Friday,3,2014,1,7,4,0,614082.444339,425624.795466,369403.653633,399138.3059075,674734.4143815285,539873.1323094071,473412.1964388733
2014-03-08,753345.259201,Saturday,3,2014,1,8,5,1,598242.341178,911360.2578707,538206.082827,359139.101529,699394.063768957,556218.7528483357,480048.9976145567
2014-03-09,916117.649984,Sunday,3,2014,1,9,6,1,753345.259201,667413.052988,487896.463891,389471.568011,676820.4925304286,571585.83687505,493189.20287028997
2014-03-10,587414.828974,Monday,3,2014,1,10,0,0,916117.649984,613973.031386,404224.188997,530128.059914,712349.7206727143,602173.0644531214,510744.07226939
2014-03-11,539365.375063,Tuesday,3,2014,1,11,1,0,587414.828974,748930.902096,351418.110084,520753.7470746,708555.6917567143,615258.1101657643,512653.63123805664
2014-03-12,575676.797032,Wednesday,3,2014,1,12,2,0,539365.375063,741756.416525,353604.266985,396622.737011,678617.7593234285,628682.9148071214,513274.01883767
2014-03-13,473298.042544,Thursday,3,2014,1,13,3,0,575676.797032,614082.444339,330330.185244,358382.7339877,654892.0993958571,644545.2383819072,519242.48750503664
2014-03-14,530515.2554715,Friday,3,2014,1,14,4,0,473298.042544,598242.341178,425624.795466,387758.393971,634780.0419965715,654757.22818905,523072.9977902466
2014-03-15,731049.789851,Saturday,3,2014,1,15,5,1,530515.2554715,753345.259201,911360.2578707,347373.2985675,625104.7440385,662249.4039037285,527831.5598402633
2014-03-16,929808.492772,Sunday,3,2014,1,16,6,1,731049.789851,916117.649984,667413.052988,361206.4069057,621919.6769884999,649370.0847594643,540620.77621638
2014-03-17,612719.522118,Monday,3,2014,1,17,0,0,929808.492772,587414.828974,613973.031386,538893.357859,623875.5116724999,668112.616172607,559574.17907859
2014-03-18,537427.86875,Tuesday,3,2014,1,18,1,0,612719.522118,539365.375063,748930.902096,595300.23508,627490.4678359285,668023.0797963215,562035.0512205567
2014-03-19,585974.657018,Wednesday,3,2014,1,19,2,0,537427.86875,575676.797032,741756.416525,412029.2879535,627213.6812197857,652915.7202716072,560105.97234289
2014-03-20,500897.112641,Thursday,3,2014,1,20,3,0,585974.657018,473298.042544,614082.444339,365331.247942,628684.8040749285,641788.4517353929,565904.1513117066
2014-03-21,548811.469984,Friday,3,2014,1,21,4,0,500897.112641,530515.2554715,598242.341178,360161.6390075,632627.5283745,633703.7851855357,570423.01346834
2014-03-22,771704.933772,Saturday,3,2014,1,22,5,1,548811.469984,731049.789851,753345.259201,322451.9201135,635241.2733048572,630173.0086716786,576711.3411675567
2014-03-23,838814.636064,Sunday,3,2014,1,23,6,1,771704.933772,929808.492772,916117.649984,369403.653633,641049.1510078572,631484.4139981786,591686.44162284
2014-03-24,571762.044919,Monday,3,2014,1,24,0,0,838814.636064,612719.522118,587414.828974,538206.082827,628050.028621,625962.7701467499,607333.4743705399
2014-03-25,539861.6183493,Tuesday,3,2014,1,25,1,0,571762.044919,537427.86875,539365.375063,487896.463891,622198.9604497143,624844.7141428215,608452.0064402733
2014-03-26,569680.543547,Wednesday,3,2014,1,26,2,0,539861.6183493,585974.657018,575676.797032,404224.188997,622546.6389638999,624880.1600918429,610184.1782555501
2014-03-27,468581.398304,Thursday,3,2014,1,27,3,0,569680.543547,500897.112641,473298.042544,351418.110084,620218.9084680428,624451.8562714857,615699.3900738832
2014-03-28,538905.781947,Friday,3,2014,1,28,4,0,468581.398304,548811.469984,530515.2554715,353604.266985,615602.3778484714,624114.9531114857,619604.8330145499
2014-03-29,822333.142686,Saturday,3,2014,1,29,5,1,538905.781947,771704.933772,731049.789851,330330.185244,614187.2795574714,624714.2764311644,625781.5501799501
2014-03-30,873958.8396415,Sunday,3,2014,1,30,6,1,822333.142686,838814.636064,929808.492772,425624.795466,621419.8808308999,631234.5159193786,642181.64876135
2014-03-31,651800.509461,Monday,3,2014,1,31,0,0,873958.8396415,571762.044919,612719.522118,911360.2578707,626440.4813419714,627245.2549814858,657126.1169005333
2014-04-01,485079.887001,Tuesday,4,2014,2,1,1,0,651800.509461,539861.6183493,537427.86875,667413.052988,637874.5477051142,630036.7540774143,648474.1252868767
2014-04-02,463917.316107,Wednesday,4,2014,2,2,2,0,485079.887001,569680.543547,585974.657018,613973.031386,630048.5860839285,626297.6125239143,642396.35308731
2014-04-03,388867.961418,Thursday,4,2014,2,3,3,0,463917.316107,468581.398304,500897.112641,748930.902096,614939.5535925,617579.2310302714,637394.4959113434
2014-04-04,422578.745073,Friday,4,2014,2,4,4,0,388867.961418,538905.781947,548811.469984,741756.416525,603551.919751643,609577.1488000571,625392.3978887434
2014-04-05,617680.194045,Saturday,4,2014,2,5,5,1,422578.745073,822333.142686,771704.933772,614082.444339,586933.7716267857,600560.5255921286,614753.1421736765
2014-04-06,631888.250898,Sunday,4,2014,2,6,6,1,617680.194045,873958.8396415,838814.636064,598242.341178,557697.6361066429,589558.7584687715,614873.0671638766
2014-04-07,426091.1040178,Monday,4,2014,2,7,0,0,631888.250898,651800.509461,571762.044919,753345.259201,523116.12342899997,574778.3023854857,615994.5974878765
2014-04-08,376663.272105,Tuesday,4,2014,2,8,1,0,426091.1040178,485079.887001,539861.6183493,916117.649984,490871.92265140003,564373.2351782571,605086.1256484367
2014-04-09,375309.082012,Wednesday,4,2014,2,9,2,0,376663.272105,463917.316107,569680.543547,587414.828974,475383.8348091143,552716.2104465214,587104.31305247
2014-04-10,334052.7571255,Thursday,4,2014,2,10,3,0,375309.082012,388867.961418,468581.398304,539365.375063,462725.5156526858,538832.534622593,580034.12148707
2014-04-11,379646.845927,Friday,4,2014,2,11,4,0,334052.7571255,422578.745073,538905.781947,575676.797032,454894.77218232857,529223.3459669857,573190.3675558199
2014-04-12,529919.922964,Saturday,4,2014,2,12,5,1,379646.845927,617680.194045,822333.142686,473298.042544,448761.6437329,517847.7076798429,566656.03585232
2014-04-13,540190.281942,Sunday,4,2014,2,13,6,1,529919.922964,631888.250898,873958.8396415,530515.2554715,436224.4621499,496961.04912827146,568543.43186632
2014-04-14,381386.309033,Monday,4,2014,2,14,0,0,540190.281942,426091.1040178,651800.509461,731049.789851,423124.7522990429,473120.4378640214,568865.93274867
2014-04-15,364689.054991,Tuesday,4,2014,2,15,1,0,381386.309033,376663.272105,485079.887001,929808.492772,416738.3530155,453805.13783345,557210.48338807
2014-04-16,411357.084985,Wednesday,4,2014,2,16,2,0,364689.054991,375309.082012,463917.316107,612719.522118,415027.7505706428,445205.79268987855,538373.16879537
2014-04-17,397464.842904,Thursday,4,2014,2,17,3,0,411357.084985,334052.7571255,388867.961418,537427.86875,420177.46528107143,441451.49046687863,531661.0875576034
2014-04-18,394392.184115,Friday,4,2014,2,18,4,0,397464.842904,379646.845927,422578.745073,585974.657018,429236.334678,442065.5534301643,526995.6533627367
2014-04-19,496904.749136,Saturday,4,2014,2,19,5,1,394392.184115,529919.922964,617680.194045,500897.112641,431342.811562,440052.22764745,520609.5709326367
2014-04-20,520126.3980386,Sunday,4,2014,2,20,6,1,496904.749136,540190.281942,631888.250898,548811.469984,426626.358158,431425.41015395,520476.4921491367
2014-04-21,398677.396998,Monday,4,2014,2,21,0,0,520126.3980386,381386.309033,426091.1040178,771704.933772,423760.08902894286,423442.4206639929,519520.32308429
2014-04-22,370552.249018,Tuesday,4,2014,2,22,1,0,398677.396998,364689.054991,376663.272105,838814.636064,426230.2444525143,421484.2987340071,507086.07185849
2014-04-23,372232.595049,Wednesday,4,2014,2,23,2,0,370552.249018,411357.084985,375309.082012,571762.044919,427067.8435992286,421047.79708493577,491477.3256236233
2014-04-24,320875.477858,Thursday,4,2014,2,24,3,0,372232.595049,397464.842904,334052.7571255,539861.6183493,421478.63075122854,420828.04801614996,484826.34396128997
2014-04-25,357173.708433,Friday,4,2014,2,25,4,0,320875.477858,394392.184115,379646.845927,569680.543547,410537.2928875143,419886.81378275715,477526.8059449133
2014-04-26,497334.735036,Saturday,4,2014,2,26,5,1,357173.708433,496904.749136,529919.922964,468581.398304,405220.36779008573,418281.5896760429,470443.24477444665
2014-04-27,560508.420995,Sunday,4,2014,2,27,6,1,497334.735036,520126.3980386,540190.281942,538905.781947,405281.79434722854,415954.07625261426,471401.68933218
2014-04-28,362271.9169815,Monday,4,2014,2,28,0,0,560508.420995,398677.396998,381386.309033,822333.142686,411050.65476957144,417405.3718992571,472121.7773004467
2014-04-29,326338.348031,Tuesday,4,2014,2,29,1,0,362271.9169815,370552.249018,364689.054991,873958.8396415,405849.87191007147,416040.0581812929,456786.4031102967
2014-04-30,357079.964912,Wednesday,4,2014,2,30,2,0,326338.348031,372232.595049,411357.084985,651800.509461,399533.6003405,413300.7219698643,438532.38672328
2014-05-01,530380.848064,Thursday,5,2014,2,1,3,0,357079.964912,320875.477858,397464.842904,485079.887001,397368.93889235717,409423.78482179285,428708.3685716467
2014-05-02,443284.891212,Friday,5,2014,2,2,4,0,530380.848064,357173.708433,394392.184115,463917.316107,427298.27749321435,418917.78519036435,430218.40060708
2014-05-03,610391.748971,Saturday,5,2014,2,3,5,1,443284.891212,497334.735036,496904.749136,388867.961418,439599.8750330714,422410.1214115786,429530.65311058
2014-05-04,646164.863883,Sunday,5,2014,2,4,6,1,610391.748971,560508.420995,520126.3980386,422578.745073,455750.8770237858,430516.3356855071,436914.7793623467
2014-05-05,427601.704071,Monday,5,2014,2,5,0,0,646164.863883,362271.9169815,398677.396998,617680.194045,467987.51172207145,439519.0832458214,444367.6499893467
2014-05-06,388945.89008599997,Tuesday,5,2014,2,6,1,0,427601.704071,326338.348031,370552.249018,631888.250898,477320.3384491428,441585.1051796071,438031.70032354665
2014-05-07,391932.183945,Wednesday,5,2014,2,7,2,0,388945.89008599997,357079.964912,372232.595049,426091.1040178,486264.27302842855,442898.9366844642,429933.62162981334
2014-05-08,337483.713217,Thursday,5,2014,2,8,3,0,391932.183945,530380.848064,320875.477858,376663.272105,491243.16146171425,444306.05017703574,428794.99096072
2014-05-09,381335.196055,Friday,5,2014,2,9,4,0,337483.713217,443284.891212,357173.708433,375309.082012,463686.4279121429,445492.3527026786,427489.00566445326
2014-05-10,577012.026997,Saturday,5,2014,2,10,5,1,381335.196055,610391.748971,497334.735036,334052.7571255,454836.4714611429,447218.17324710713,427689.8761325533
2014-05-11,454512.928937,Sunday,5,2014,2,11,6,1,577012.026997,646164.863883,560508.420995,379646.845927,450067.93975057144,452909.40838717856,435788.5184616034
2014-05-12,398251.889006,Monday,5,2014,2,12,0,0,454512.928937,427601.704071,362271.9169815,529919.922964,422689.0919011428,445338.30181160715,438284.05456193665
2014-05-13,360734.522978,Tuesday,5,2014,2,13,1,0,398251.889006,388945.89008599997,326338.348031,540190.281942,418496.26117757143,447908.2998133571,433895.12009666994
2014-05-14,356373.806985,Wednesday,5,2014,2,14,2,0,360734.522978,391932.183945,357079.964912,381386.309033,414466.06587642856,450365.1694524285,427913.2614645366
2014-05-15,332272.8296378,Thursday,5,2014,2,15,3,0,356373.806985,337483.713217,530380.848064,364689.054991,409386.2977392857,450314.72960049997,427079.51139627
2014-05-16,380822.742652,Friday,5,2014,2,16,4,0,332272.8296378,381335.196055,443284.891212,411357.084985,408641.8857994,436164.1568557714,425998.9705511633
2014-05-17,537873.964019,Saturday,5,2014,2,17,5,1,380822.742652,577012.026997,610391.748971,397464.842904,408568.67817040003,431702.5748157714,424981.15914006333
2014-05-18,634519.7368283,Sunday,5,2014,2,18,6,1,537873.964019,454512.928937,646164.863883,394392.184115,402977.5263164,426522.73303348565,429661.46317723003
2014-05-19,388814.744958,Monday,5,2014,2,19,0,0,634519.7368283,398251.889006,427601.704071,496904.749136,428692.7845865857,425690.9382438642,437665.71493434
2014-05-20,354372.33997,Tuesday,5,2014,2,20,1,0,388814.744958,360734.522978,388945.89008599997,520126.3980386,427344.62115115713,422920.4411643643,434062.7147950733
2014-05-21,356898.483031,Wednesday,5,2014,2,21,2,0,354372.33997,356373.806985,391932.183945,398677.396998,426435.73786429997,420450.9018703643,428537.57952612
2014-05-22,310660.142642,Thursday,5,2014,2,22,3,0,356898.483031,332272.8296378,337483.713217,370552.249018,426510.6915851571,417948.49466222146,427144.94906055334
2014-05-23,349549.892726,Friday,5,2014,2,23,4,0,310660.142642,380822.742652,381335.196055,372232.595049,423423.16487147147,416032.5253354357,425148.5455146867
2014-05-24,516627.261707,Saturday,5,2014,2,24,5,1,349549.892726,537873.964019,577012.026997,320875.477858,418955.6148820428,413762.1465262215,424392.45543725335
2014-05-25,573412.21016,Sunday,5,2014,2,25,6,1,516627.261707,634519.7368283,454512.928937,357173.708433,415920.3716946143,409448.9490055071,430917.51489888673
2014-05-26,373831.086112,Monday,5,2014,2,26,0,0,573412.21016,388814.744958,398251.889006,497334.735036,407190.72502771433,417941.75480715,438125.4649564533
2014-05-27,327642.143098,Tuesday,5,2014,2,27,1,0,373831.086112,354372.33997,360734.522978,560508.420995,405050.2023354285,416197.4117432929,434008.67665898666
2014-05-28,338481.784057,Wednesday,5,2014,2,28,2,0,327642.143098,356898.483031,356373.806985,362271.9169815,401231.6027822857,413833.6703232928,426246.4673957533
2014-05-29,326624.5773325,Thursday,5,2014,2,29,3,0,338481.784057,310660.142642,332272.8296378,326338.348031,398600.645786,412555.6686855786,425453.4629649367
2014-05-30,375782.6398709,Friday,5,2014,2,30,4,0,326624.5773325,349549.892726,380822.742652,357079.964912,400881.27931321424,412152.22209234285,425463.00394165335
2014-05-31,597192.467989,Saturday,5,2014,2,31,5,1,375782.6398709,516627.261707,537873.964019,530380.848064,404628.8146196286,411792.21475083573,426086.4264402833
2014-06-01,742732.830236,Sunday,6,2014,2,1,6,1,597192.467989,573412.21016,634519.7368283,443284.891212,416138.12980277144,416029.2507486929,428313.48043778335
2014-06-02,512725.7729758,Monday,6,2014,2,2,0,0,742732.830236,373831.086112,388814.744958,610391.748971,440326.78981362854,423758.75742067146,438295.07840525
2014-06-03,443636.187975,Tuesday,6,2014,2,3,1,0,512725.7729758,327642.143098,354372.33997,646164.863883,460168.8879370286,432609.5451362286,435039.54587207665
2014-06-04,423284.494993,Wednesday,6,2014,2,4,2,0,443636.187975,338481.784057,356898.483031,427601.704071,476739.46577660006,438985.53427944286,428288.59000847663
2014-06-05,359474.513823,Thursday,6,2014,2,5,3,0,423284.494993,326624.5773325,310660.142642,388945.89008599997,488854.13876745716,443727.3922767286,428144.68303921
2014-06-06,391266.125449,Friday,6,2014,2,6,4,0,359474.513823,375782.6398709,349549.892726,391932.183945,493546.9868375286,447214.13307537144,427162.3038304433
2014-06-07,557142.461024,Saturday,6,2014,2,7,5,1,391266.125449,597192.467989,516627.261707,337483.713217,495758.91334868566,450193.86398415716,427140.1018805767
2014-06-08,626026.956957,Sunday,6,2014,2,8,6,1,557142.461024,742732.830236,573412.21016,381335.196055,490037.4837822571,453087.80679251434,434462.06014081003
2014-06-09,415798.946041,Monday,6,2014,2,9,0,0,626026.956957,512725.7729758,373831.086112,577012.026997,473365.2161709714,456846.00299229997,442618.45217087667
2014-06-10,351689.4229725,Tuesday,6,2014,2,10,1,0,415798.946041,443636.187975,327642.143098,454512.928937,459518.52660885715,459843.7072729428,437244.6828056767
2014-06-11,373828.16418,Wednesday,6,2014,2,11,2,0,351689.4229725,423284.494993,338481.784057,398251.889006,446383.2744656428,461561.37012112146,433817.23260686
2014-06-12,329408.06736,Thursday,6,2014,2,12,3,0,373828.16418,359474.513823,326624.5773325,360734.522978,439318.0843495,464086.1115584786,433003.1084459934
2014-06-13,392308.374573,Friday,6,2014,2,13,4,0,329408.06736,391266.125449,375782.6398709,356373.806985,435022.87771192857,464284.9322747286,431958.89325872663
2014-06-14,622072.988944,Saturday,6,2014,2,14,5,1,392308.374573,557142.461024,597192.467989,332272.8296378,435171.77044392854,465465.34189630713,433156.7121783266
2014-06-15,441279.9339945,Sunday,6,2014,2,15,6,1,622072.988944,626026.956957,742732.830236,380822.742652,444447.5601467857,467242.52196452144,442816.7174885334
2014-06-16,447450.23987,Monday,6,2014,2,16,0,0,441279.9339945,415798.946041,512725.7729758,537873.964019,418055.128295,445710.1722329857,444831.95719995
2014-06-17,380396.036044,Tuesday,6,2014,2,17,1,0,447450.23987,351689.4229725,443636.187975,634519.7368283,422576.74169914285,441047.63415399997,441817.83306165
2014-06-18,373408.6641423,Wednesday,6,2014,2,18,2,0,380396.036044,373828.16418,423284.494993,388814.744958,426677.6864236429,436530.48044464283,433347.0430355067
2014-06-19,332280.935096,Thursday,6,2014,2,19,3,0,373408.6641423,329408.06736,359474.513823,354372.33997,426617.7578468286,432967.9210981643,432833.5070083167
2014-06-20,369206.789547,Friday,6,2014,2,20,4,0,332280.935096,392308.374573,391266.125449,356898.483031,427028.1675234,431025.52261766425,432097.12684584997
2014-06-21,538613.855166,Saturday,6,2014,2,21,5,1,369206.789547,622072.988944,557142.461024,310660.142642,423727.94109111425,429449.8557675214,432507.40372971667
2014-06-22,591184.1240535,Sunday,6,2014,2,22,6,1,538613.855166,441279.9339945,626026.956957,349549.892726,411805.20769425714,428126.3839205214,440105.86081384995
2014-06-23,414929.6359765,Monday,6,2014,2,23,0,0,591184.1240535,447450.23987,415798.946041,516627.261707,433220.09198840003,425637.6101417,448160.3351914333
2014-06-24,340464.7450455,Tuesday,6,2014,2,24,1,0,414929.6359765,380396.036044,351689.4229725,573412.21016,428574.2914321857,425575.51656566426,444770.41433374997
2014-06-25,355342.398017,Wednesday,6,2014,2,25,2,0,340464.7450455,373408.6641423,373828.16418,373831.086112,422869.8212895428,424773.7538565928,437005.4988299333
2014-06-26,315798.180924,Thursday,6,2014,2,26,3,0,355342.398017,332280.935096,329408.06736,327642.143098,420288.9261287857,423453.3419878072,436389.2092267667
2014-06-27,370793.573429,Friday,6,2014,2,27,4,0,315798.180924,369206.789547,392308.374573,338481.784057,417934.24696135713,422481.20724237856,435994.4104876333
2014-06-28,510870.81398,Saturday,6,2014,2,28,5,1,370793.573429,538613.855166,622072.988944,326624.5773325,418160.9303730714,420944.4357320928,437071.4701333667
2014-06-29,567218.8850125,Sunday,6,2014,2,29,6,1,510870.81398,591184.1240535,441279.9339945,375782.6398709,414197.6387750715,413001.4232346643,443213.01135495
2014-06-30,429324.0552005,Monday,6,2014,2,30,0,0,567218.8850125,414929.6359765,447450.23987,597192.467989,410774.0331977857,421997.06259309285,449594.2195263367
2014-07-01,720480.616788,Tuesday,7,2014,3,1,1,0,429324.0552005,340464.7450455,380396.036044,742732.830236,412830.37880121433,420702.3351167,443998.60576671996
2014-07-02,747430.1471275,Wednesday,7,2014,3,2,2,0,720480.616788,355342.398017,373408.6641423,512725.7729758,467118.3604787142,444994.0908841286,443256.8653184533
2014-07-03,583844.7207922,Thursday,7,2014,3,3,3,0,747430.1471275,315798.180924,332280.935096,443636.187975,523130.89606592857,471709.9110973571,451080.3444568433
2014-07-04,595424.31324,Friday,7,2014,3,4,4,0,583844.7207922,370793.573429,369206.789547,423284.494993,561423.2589042429,489678.7529328,455753.9622174166
2014-07-05,817307.1101677,Saturday,7,2014,3,5,5,1,595424.31324,510870.81398,538613.855166,359474.513823,593513.3645915285,505837.14748230006,461491.95615898335
2014-07-06,918276.596259,Sunday,7,2014,3,6,6,1,817307.1101677,567218.8850125,591184.1240535,391266.125449,637289.9783326285,525743.80855385,476753.04270380666
2014-07-07,638526.428909,Monday,7,2014,3,7,0,0,918276.596259,429324.0552005,414929.6359765,557142.461024,687441.0799392714,549107.5565685286,494320.05839747336
2014-07-08,557291.4975265,Tuesday,7,2014,3,8,1,0,638526.428909,720480.616788,340464.7450455,626026.956957,717327.1333262001,565078.7560637072,497032.8573269733
2014-07-09,574451.409963,Wednesday,7,2014,3,9,2,0,557291.4975265,747430.1471275,355342.398017,415798.946041,694014.4020031284,580566.3812409214,494741.67534595664
2014-07-10,498047.54898,Thursday,7,2014,3,10,3,0,574451.409963,583844.7207922,315798.180924,351689.4229725,669303.1538367715,596217.0249513501,500030.0908100233
2014-07-11,535644.182793,Friday,7,2014,3,11,4,0,498047.54898,595424.31324,370793.573429,373828.16418,657046.4150064571,609234.83695535,504908.69501027337
2014-07-12,756698.7523004999,Saturday,7,2014,3,12,5,1,535644.182793,817307.1101677,510870.81398,329408.06736,648506.3963711715,621009.88048135,510302.5622973733
2014-07-13,733653.779849,Sunday,7,2014,3,13,6,1,756698.7523004999,918276.596259,567218.8850125,392308.374573,639848.059533,638569.0189328144,524545.5851287233
2014-07-14,584867.15114,Monday,7,2014,3,14,0,0,733653.779849,638526.428909,429324.0552005,622072.988944,613473.3714744287,650457.2257068501,535923.76530459
2014-07-15,562860.0268329,Tuesday,7,2014,3,15,1,0,584867.15114,557291.4975265,720480.616788,441279.9339945,605807.7603645715,661567.4468453856,534683.5707111233
2014-07-16,621336.4939885,Wednesday,7,2014,3,16,2,0,562860.0268329,574451.409963,747430.1471275,447450.23987,606603.2645512,650308.8332771643,538736.2404724032
2014-07-17,498221.7050971,Thursday,7,2014,3,17,3,0,621336.4939885,498047.54898,583844.7207922,380396.036044,613301.1336977,641302.1437672357,544532.4489430201
2014-07-18,547619.0590519,Friday,7,2014,3,18,4,0,498221.7050971,535644.182793,595424.31324,373408.6641423,613326.0131430001,635186.2140747284,548459.97124479
2014-07-19,728988.226204,Saturday,7,2014,3,19,5,1,547619.0590519,756698.7523004999,817307.1101677,332280.935096,615036.7097514143,631771.5530612929,554266.9844084433
2014-07-20,776474.1180457,Sunday,7,2014,3,20,6,1,728988.226204,733653.779849,918276.596259,369206.789547,611078.0631662001,625463.0613496,567490.56077871
2014-07-21,600228.430008,Monday,7,2014,3,21,0,0,776474.1180457,584867.15114,638526.428909,538613.855166,617195.2543371571,615334.3129057928,581066.1383953333
2014-07-22,530276.040011,Tuesday,7,2014,3,22,1,0,600228.430008,562860.0268329,557291.4975265,591184.1240535,619389.7227468714,612598.7415557214,583119.9575567334
2014-07-23,574168.635995,Wednesday,7,2014,3,23,2,0,530276.040011,621336.4939885,574451.409963,414929.6359765,614734.8674866,610669.0660188999,581089.68808865
2014-07-24,484618.8170115,Thursday,7,2014,3,24,3,0,574168.635995,498221.7050971,498047.54898,340464.7450455,607996.6020589572,610648.8678783287,586397.6547559333
2014-07-25,579767.285128,Friday,7,2014,3,25,4,0,484618.8170115,547619.0590519,535644.182793,355342.398017,606053.3323324429,609689.6727377215,591202.7904881333
2014-07-26,688919.5500267,Saturday,7,2014,3,26,5,1,579767.285128,728988.226204,756698.7523004999,315798.180924,610645.9360576001,612841.322904507,598683.6200585
2014-07-27,747307.86662,Sunday,7,2014,3,27,6,1,688919.5500267,776474.1180457,733653.779849,370793.573429,604921.8394608429,607999.9513135215,611120.9990285899
2014-07-28,583936.68549,Monday,7,2014,3,28,0,0,747307.86662,600228.430008,584867.15114,510870.81398,600755.2321143142,608975.2432257357,623671.4754682899
2014-07-29,524743.3250017,Tuesday,7,2014,3,29,1,0,583936.68549,530276.040011,562860.0268329,567218.8850125,598427.8400403142,608908.7813935928,626107.0045186233
2014-07-30,578056.965281,Wednesday,7,2014,3,30,2,0,524743.3250017,574168.635995,621336.4939885,429324.0552005,597637.4521818429,606186.1598342214,624691.1525182633
2014-07-31,532423.558194,Thursday,7,2014,3,31,3,0,578056.965281,484618.8170115,498221.7050971,720480.616788,598192.9277941285,603094.7649265428,629648.9161876134
2014-08-01,506826.7949305,Friday,8,2014,3,1,4,0,532423.558194,579767.285128,547619.0590519,747430.1471275,605022.1765344858,605537.7544334643,623380.3475678134
2014-08-02,626533.637869,Saturday,8,2014,3,2,5,1,506826.7949305,688919.5500267,728988.226204,583844.7207922,594602.1065062714,602624.0212819356,615360.2358279134
2014-08-03,625898.205888,Sunday,8,2014,3,3,6,1,626533.637869,747307.86662,776474.1180457,595424.31324,585689.8333408857,595305.8364008643,616783.1997304733
2014-08-04,471173.304022,Monday,8,2014,3,4,0,0,625898.205888,583936.68549,600228.430008,817307.1101677,568345.5960934572,584550.4141038858,617798.9961520734
2014-08-05,417197.476176,Tuesday,8,2014,3,5,1,0,471173.304022,524743.3250017,530276.040011,918276.596259,552236.5415980286,575332.1908191714,606261.2026138833
2014-08-06,402914.370941,Wednesday,8,2014,3,6,2,0,417197.476176,578056.965281,574168.635995,638526.428909,536872.8489086429,567255.1505452428,589558.5652777833
2014-08-07,359701.532989,Thursday,8,2014,3,7,3,0,402914.370941,532423.558194,484618.8170115,557291.4975265,511852.4782886429,555022.7030413857,581704.8300121833
2014-08-08,397759.9389829,Friday,8,2014,3,8,4,0,359701.532989,506826.7949305,579767.285128,574451.409963,487177.90325935715,546100.0398969214,575118.4978609333
2014-08-09,496192.787084,Saturday,8,2014,3,9,5,1,397759.9389829,626533.637869,688919.5500267,498047.54898,471596.9238382714,533099.5151722714,569228.7821615967
2014-08-10,509681.7650025,Sunday,8,2014,3,10,6,1,496192.787084,625898.205888,747307.86662,535644.182793,452976.8022975572,519333.31781922147,569166.9567650633
2014-08-11,409544.575013,Monday,8,2014,3,11,0,0,509681.7650025,471173.304022,583936.68549,756698.7523004999,436374.4535996285,502360.0248465428,568301.5428387133
2014-08-12,353898.211991,Tuesday,8,2014,3,12,1,0,409544.575013,417197.476176,524743.3250017,733653.779849,427570.3494554857,489903.44552675716,556729.73692913
2014-08-13,372116.544964,Wednesday,8,2014,3,13,2,0,353898.211991,402914.370941,578056.965281,584867.15114,418527.5974290571,477700.22316885,544071.21800053
2014-08-14,340740.8170565,Thursday,8,2014,3,14,3,0,372116.544964,359701.532989,532423.558194,562860.0268329,414127.9080037714,462990.1931462071,536979.5311279966
2014-08-15,402631.8400593,Friday,8,2014,3,15,4,0,340740.8170565,397759.9389829,506826.7949305,621336.4939885,411419.2342991285,449298.56877924287,529575.5574687833
2014-08-16,533996.15517,Saturday,8,2014,3,16,5,1,402631.8400593,496192.787084,626533.637869,498221.7050971,412115.2201671857,441856.0720027286,522285.40233780997
2014-08-17,564443.173007,Sunday,8,2014,3,17,6,1,533996.15517,509681.7650025,625898.205888,547619.0590519,417515.7013223286,435246.2518099429,523477.88400690665
2014-08-18,433042.298907,Monday,8,2014,3,18,0,0,564443.173007,409544.575013,471173.304022,728988.226204,425338.7596086857,430856.60660415713,524038.68780541007
2014-08-19,379329.9530773,Tuesday,8,2014,3,19,1,0,433042.298907,353898.211991,417197.476176,776474.1180457,428695.5773078286,428132.9633816572,514173.82356217667
2014-08-20,398126.790988,Wednesday,8,2014,3,20,2,0,379329.9530773,372116.544964,402914.370941,600228.430008,432328.6831773,425428.1403031786,500935.68472989666
2014-08-21,355108.8749955,Thursday,8,2014,3,21,3,0,398126.790988,340740.8170565,359701.532989,530276.040011,436044.4326093,425086.1703065357,494198.96342923003
2014-08-22,388359.8983235,Friday,8,2014,3,22,4,0,355108.8749955,402631.8400593,397759.9389829,574168.635995,438097.0123148714,424758.123307,488360.05792871333
2014-08-23,499678.208204,Saturday,8,2014,3,23,5,1,388359.8983235,533996.15517,496192.787084,484618.8170115,436058.1634954714,424086.69183132856,482166.43333966326
2014-08-24,528990.5611087,Sunday,8,2014,3,24,6,1,499678.208204,564443.173007,509681.7650025,579767.285128,431155.59964318573,424335.65048275713,482668.41304608
2014-08-25,412250.075007,Monday,8,2014,3,25,0,0,528990.5611087,433042.298907,409544.575013,688919.5500267,426090.9408005714,425714.8502046286,480975.85557877
2014-08-26,355053.9079745,Tuesday,8,2014,3,26,1,0,412250.075007,379329.9530773,353898.211991,747307.86662,423120.62310057145,425908.1002042,471753.53974478005
2014-08-27,366321.498077,Wednesday,8,2014,3,27,2,0,355053.9079745,398126.790988,372116.544964,583936.68549,419652.6166573143,425990.64991730714,458678.40778993
2014-08-28,327912.427,Thursday,8,2014,3,28,3,0,366321.498077,355108.8749955,340740.8170565,524743.3250017,415109.0033843143,425576.7179968072,451424.5682094967
2014-08-29,403288.917062,Friday,8,2014,3,29,4,0,327912.427,388359.8983235,402631.8400593,578056.965281,411223.7965278143,424660.4044213429,444863.5382761067
2014-08-30,586373.694132,Saturday,8,2014,3,30,5,1,403288.917062,499678.208204,533996.15517,532423.558194,413356.51349045715,424707.3384929643,439037.9366688067
2014-08-31,660088.183052,Sunday,8,2014,3,31,6,1,586373.694132,528990.5611087,564443.173007,506826.7949305,425741.5829087429,428448.5912759643,440836.2745334067
2014-09-01,812526.219024,Monday,9,2014,3,1,0,0,660088.183052,412250.075007,433042.298907,626533.637869,444469.8146149286,435280.37770775,445944.98747079
2014-09-02,717351.552768,Tuesday,9,2014,3,2,1,0,812526.219024,355053.9079745,379329.9530773,625898.205888,501652.1209030714,462386.37200182147,452144.7401759567
2014-09-03,726683.8617375,Wednesday,9,2014,3,3,2,0,717351.552768,366321.498077,398126.790988,471173.304022,553408.9273021428,486530.7719797286,455193.18507195666
2014-09-04,551340.0774347,Thursday,9,2014,3,4,3,0,726683.8617375,327912.427,355108.8749955,417197.476176,604889.2649679286,509999.13417612144,463710.20366247336
2014-09-05,603043.241921,Friday,9,2014,3,5,4,0,551340.0774347,403288.917062,388359.8983235,402914.370941,636807.5007443143,524015.6486360643,468181.62370442995
2014-09-06,870139.4459765,Saturday,9,2014,3,6,5,1,603043.241921,586373.694132,499678.208204,359701.532989,665343.8328670285,539350.1731787429,474852.58607042994
2014-09-07,997964.077948,Sunday,9,2014,3,7,6,1,870139.4459765,660088.183052,528990.5611087,397759.9389829,705881.7974162429,565811.6901624928,491867.1831700133
2014-09-08,648651.744928,Monday,9,2014,3,8,0,0,997964.077948,812526.219024,412250.075007,496192.787084,754149.7824013857,599309.7985081571,511873.9878021833
2014-09-09,562420.568002,Tuesday,9,2014,3,9,1,0,648651.744928,717351.552768,355053.9079745,509681.7650025,730739.1432448144,616195.6320739428,516955.95306365
2014-09-10,612987.4722337,Wednesday,9,2014,3,10,2,0,562420.568002,726683.8617375,366321.498077,409544.575013,708606.1454211,631007.5363616215,518713.9131636333
2014-09-11,483462.953022,Thursday,9,2014,3,11,3,0,612987.4722337,551340.0774347,327912.427,353898.211991,692363.8040634143,648626.5345156714,525495.34307099
2014-09-12,564382.847851,Friday,9,2014,3,12,4,0,483462.953022,603043.241921,403288.917062,372116.544964,682667.0720044571,659737.2863743857,529814.1677720234
2014-09-13,795802.238124,Saturday,9,2014,3,13,5,1,564382.847851,870139.4459765,586373.694132,340740.8170565,677144.1585658857,671243.9957164571,536223.0445349233
2014-09-14,896501.5622945,Sunday,9,2014,3,14,6,1,795802.238124,997964.077948,660088.183052,402631.8400593,666524.5574441,686203.1774301714,551391.7585705067
2014-09-15,630710.5728884999,Monday,9,2014,3,15,0,0,896501.5622945,648651.744928,812526.219024,533996.15517,652029.9123507428,703089.8473760643,567854.0826450133
2014-09-16,608239.973016,Tuesday,9,2014,3,16,1,0,630710.5728884999,562420.568002,717351.552768,564443.173007,649466.8877736714,690103.0155092429,571077.8965689633
2014-09-17,617472.3442115,Wednesday,9,2014,3,17,2,0,608239.973016,612987.4722337,726683.8617375,433042.298907,656012.5170613857,682309.3312412428,572537.7899025966
2014-09-18,479500.843061,Thursday,9,2014,3,18,3,0,617472.3442115,483462.953022,551340.0774347,379329.9530773,656653.2130582144,674508.5085608142,578685.4580794133
2014-09-19,550213.093909,Friday,9,2014,3,19,4,0,479500.843061,564382.847851,603043.241921,398126.790988,656087.1973495,669377.1346769786,582024.4877455366
2014-09-20,808490.763077,Saturday,9,2014,3,20,5,1,550213.093909,795802.238124,870139.4459765,355108.8749955,654062.9467863571,665603.5526761215,587094.0311762368
2014-09-21,901420.451004,Sunday,9,2014,3,21,6,1,808490.763077,896501.5622945,997964.077948,388359.8983235,655875.5932082143,661200.0753261572,602206.7607789534
2014-09-22,589120.293928,Monday,9,2014,3,22,0,0,901420.451004,630710.5728884999,648651.744928,499678.208204,656578.2915952858,654304.1019730142,619308.7792016366
2014-09-23,559954.304399,Tuesday,9,2014,3,23,1,0,589120.293928,608239.973016,562420.568002,528990.5611087,650636.8231723572,650051.8554730144,622290.1820591034
2014-09-24,598183.114508,Wednesday,9,2014,3,24,2,0,559954.304399,617472.3442115,612987.4722337,412250.075007,643738.8705127857,649875.6937870857,623322.3068354467
2014-09-25,466867.377076,Thursday,9,2014,3,25,3,0,598183.114508,479500.843061,483462.953022,355053.9079745,640983.2662694287,648818.2396638215,629520.0748188135
2014-09-26,515474.223943,Friday,9,2014,3,26,4,0,466867.377076,550213.093909,564382.847851,366321.498077,639178.4854144286,647632.8413819643,633247.1904555301
2014-09-27,781202.367982,Saturday,9,2014,3,27,5,1,515474.223943,808490.763077,795802.238124,327912.427,634215.789705,644139.3682456787,638218.9479843967
2014-09-28,886531.789814,Sunday,9,2014,3,28,6,1,781202.367982,901420.451004,896501.5622945,403288.917062,630317.4475485714,643096.5203783929,653328.6126837967
2014-09-29,586682.822002,Monday,9,2014,3,29,0,0,886531.789814,589120.293928,630710.5728884999,586373.694132,628190.49595,642384.3937726428,669436.7084421966
2014-09-30,599093.9157257,Tuesday,9,2014,3,30,1,0,586682.822002,559954.304399,608239.973016,660088.183052,627842.2856748571,639239.5544236071,669447.01270453
2014-10-01,784500.253914,Wednesday,10,2014,4,1,2,0,599093.9157257,598183.114508,617472.3442115,812526.219024,633433.6587215286,638586.2646171572,667413.87046032
2014-10-02,634306.519052,Thursday,10,2014,4,2,3,0,784500.253914,466867.377076,479500.843061,717351.552768,660050.3929223857,650516.8295959072,666479.67162332
2014-10-03,675639.295098,Friday,10,2014,4,3,4,0,634306.519052,515474.223943,550213.093909,726683.8617375,683970.2703475285,661574.3778809785,663711.5038327867
2014-10-04,931317.51302,Saturday,10,2014,4,4,5,1,675639.295098,781202.367982,808490.763077,551340.0774347,706850.9947982429,670533.3922516213,662010.0182781367
2014-10-05,985466.962071,Sunday,10,2014,4,5,6,1,931317.51302,886531.789814,901420.451004,603043.241921,728296.0155179572,679306.7315332644,674675.9327976466
2014-10-06,641480.757266,Monday,10,2014,4,6,0,0,985466.962071,586682.822002,589120.293928,870139.4459765,742429.6115546714,685310.0537523357,687423.39013598
2014-10-07,586410.2709706,Tuesday,10,2014,4,7,1,0,641480.757266,599093.9157257,559954.304399,997964.077948,750257.8880209571,689050.086847907,679801.43384563
2014-10-08,620201.323059,Wednesday,10,2014,4,8,2,0,586410.2709706,784500.253914,598183.114508,648651.744928,748445.9387702286,690939.7987458784,666082.97361305
2014-10-09,510519.923104,Thursday,10,2014,4,9,3,0,620201.323059,634306.519052,466867.377076,562420.568002,724974.6629338,692512.5279280927,665134.6262174167
2014-10-10,702470.317955,Friday,10,2014,4,10,4,0,510519.923104,675639.295098,515474.223943,612987.4722337,707290.8635126572,695630.5669300929,663404.6047208167
2014-10-11,748309.153739,Saturday,10,2014,4,11,5,1,702470.317955,931317.51302,781202.367982,483462.953022,711123.8667779427,708987.4307880929,666387.36624486
2014-10-12,843971.132714,Sunday,10,2014,4,12,6,1,748309.153739,985466.962071,886531.789814,564382.847851,684979.8154520857,706637.9154850214,675215.5729354267
2014-10-13,611726.926015,Monday,10,2014,4,13,0,0,843971.132714,641480.757266,586682.822002,795802.238124,664766.1255439428,703597.8685493071,684535.18243086
2014-10-14,550589.573294,Tuesday,10,2014,4,14,1,0,611726.926015,586410.2709706,599093.9157257,896501.5622945,660515.5782223714,705386.7331216643,678399.3386938933
2014-10-15,624797.469491,Wednesday,10,2014,4,15,2,0,550589.573294,620201.323059,784500.253914,630710.5728884999,655398.3356971428,701922.1372336857,666868.9390605433
2014-10-16,538252.607117,Thursday,10,2014,4,16,3,0,624797.469491,510519.923104,634306.519052,608239.973016,656054.9280445714,690514.7954891856,666671.8356139599
2014-10-17,558538.135999,Friday,10,2014,4,17,4,0,538252.607117,702470.317955,675639.295098,617472.3442115,660016.7400464285,683653.8017795429,664338.9234173266
2014-10-18,820840.970792,Saturday,10,2014,4,18,5,1,558538.135999,748309.153739,931317.51302,479500.843061,639454.999767,675289.4332724714,662374.4498102434
2014-10-19,935410.595877,Sunday,10,2014,4,19,6,1,820840.970792,843971.132714,985466.962071,550213.093909,649816.6879174287,667398.2516847571,673752.4540679434
2014-10-20,624629.990941,Monday,10,2014,4,20,0,0,935410.595877,611726.926015,641480.757266,808490.763077,662879.4683692857,663822.7969566144,686592.3708002099
2014-10-21,542207.165266,Tuesday,10,2014,4,21,1,0,624629.990941,550589.573294,586410.2709706,901420.451004,664722.7633587143,662619.1707905428,680463.6783956767
2014-10-22,584926.355993,Wednesday,10,2014,4,22,2,0,542207.165266,624797.469491,620201.323059,589120.293928,663525.2764975715,659461.8060973572,668489.9022044099
2014-10-23,492233.2322,Thursday,10,2014,4,23,3,0,584926.355993,538252.607117,510519.923104,559954.304399,657829.4031407143,656942.1655926429,668350.1042732433
2014-10-24,528403.680064,Friday,10,2014,4,24,4,0,492233.2322,558538.135999,702470.317955,598183.114508,651255.206724,655635.9733852142,666092.7351999433
2014-10-25,758926.230707,Saturday,10,2014,4,25,5,1,528403.680064,820840.970792,748309.153739,466867.377076,646950.2844475714,643202.6421072858,663766.75405181
2014-10-26,892128.498949,Sunday,10,2014,4,26,6,1,758926.230707,935410.595877,843971.132714,515474.223943,638105.3215782858,643961.0047478572,673502.0491728432
2014-10-27,572806.6319285,Monday,10,2014,4,27,0,0,892128.498949,624629.990941,611726.926015,781202.367982,631922.1648742857,647400.8166217858,686057.1916730434
2014-10-28,512678.811505,Tuesday,10,2014,4,28,1,0,572806.6319285,542207.165266,550589.573294,886531.789814,624518.8278724999,644620.7956156072,679110.6671379267
2014-10-29,560819.6780005,Wednesday,10,2014,4,29,2,0,512678.811505,584926.355993,624797.469491,586682.822002,620300.4916209286,641912.88405925,666648.9011942933
2014-10-30,459715.26616,Thursday,10,2014,4,30,3,0,560819.6780005,492233.2322,538252.607117,599093.9157257,616856.6804791428,637343.0418099286,665786.7963942434
2014-10-31,561876.0719155,Friday,10,2014,4,31,4,0,459715.26616,528403.680064,558538.135999,784500.253914,612211.2567591427,631733.2317415714,661140.84140872
2014-11-01,873539.2478855,Saturday,11,2014,4,1,5,1,561876.0719155,758926.230707,820840.970792,634306.519052,616993.0270236429,631971.6557356071,653720.0353421033
2014-11-02,709851.4922288,Sunday,11,2014,4,2,6,1,873539.2478855,892128.498949,935410.595877,675639.295098,633366.315192,635735.8183851428,661694.4596365534
2014-11-03,973192.041735,Monday,11,2014,4,3,0,0,709851.4922288,572806.6319285,624629.990941,931317.51302,607326.7428034,619624.4538388428,662834.8662075798
2014-11-04,702751.953595,Tuesday,11,2014,4,4,1,0,973192.041735,512678.811505,542207.165266,985466.962071,664524.6584900429,644521.7431812714,664230.6838314134
2014-11-05,718799.9390395,Wednesday,11,2014,4,5,2,0,702751.953595,560819.6780005,584926.355993,641480.757266,691677.9645029,655989.2280619143,654806.8502155467
2014-11-06,566118.381055,Thursday,11,2014,4,6,3,0,718799.9390395,459715.26616,492233.2322,586410.2709706,714246.5732227571,665551.6268509498,657384.1562746633
2014-11-07,585330.25773,Friday,11,2014,4,7,4,0,566118.381055,561876.0719155,528403.680064,620201.323059,729447.0182077572,670829.13748345,656707.7599441434
2014-11-08,816064.644983,Saturday,11,2014,4,8,5,1,585330.25773,873539.2478855,758926.230707,510519.923104,732797.6161812571,674895.32160245,655545.3910998434
2014-11-09,941478.422301,Sunday,11,2014,4,9,6,1,816064.644983,709851.4922288,892128.498949,702470.317955,724586.9586237572,678976.6369078784,665730.2151624766
2014-11-10,593376.793073,Monday,11,2014,4,10,0,0,941478.422301,973192.041735,572806.6319285,748309.153739,757676.5200626429,682501.6314330214,673697.1519740099
2014-11-11,552505.750307,Tuesday,11,2014,4,11,1,0,593376.793073,702751.953595,512678.811505,843971.132714,703417.1988252143,683970.9286576286,668532.73995181
2014-11-12,588093.484021,Wednesday,11,2014,4,12,2,0,552505.750307,718799.9390395,560819.6780005,611726.926015,681953.4554983572,686815.7100006286,658817.2272049099
2014-11-13,468057.386823,Thursday,11,2014,4,13,3,0,588093.484021,566118.381055,459715.26616,550589.573294,663281.1047814286,688763.8390020927,658029.44580511
2014-11-14,553007.970965,Friday,11,2014,4,14,4,0,468057.386823,585330.25773,561876.0719155,624797.469491,649272.3913197143,689359.7047637356,655278.3729227432
2014-11-15,786124.201177,Saturday,11,2014,4,15,5,1,553007.970965,816064.644983,873539.2478855,538252.607117,644654.9217818571,688726.2689815571,652885.3896385434
2014-11-16,956619.401927,Sunday,11,2014,4,16,6,1,786124.201177,941478.422301,709851.4922288,558538.135999,640377.715523857,682482.337073807,661147.7761072101
2014-11-17,620876.340058,Monday,11,2014,4,17,0,0,956619.401927,593376.793073,973192.041735,820840.970792,642540.7126132856,700108.6163379643,674417.1516381432
2014-11-18,553367.204141,Tuesday,11,2014,4,18,1,0,620876.340058,552505.750307,702751.953595,935410.595877,646469.2193254286,674943.2090753214,667751.6639470101
2014-11-19,580234.0113007,Wednesday,11,2014,4,19,2,0,553367.204141,588093.484021,718799.9390395,624629.990941,646592.2841588572,664272.8698286071,655016.8842224766
2014-11-20,511855.7610447,Thursday,11,2014,4,20,3,0,580234.0113007,468057.386823,566118.381055,542207.165266,645469.5023416715,654375.30356155,653537.0182344668
2014-11-21,567978.732759,Friday,11,2014,4,21,4,0,511855.7610447,553007.970965,585330.25773,584926.355993,651726.4129447715,650499.4021322428,652525.3047604234
2014-11-22,763720.148593,Saturday,11,2014,4,22,5,1,567978.732759,786124.201177,816064.644983,492233.2322,653865.0932010572,649260.0074914572,651960.3839859567
2014-11-23,907432.656994,Sunday,11,2014,4,23,6,1,763720.148593,956619.401927,941478.422301,528403.680064,650664.5142604858,645521.1148921715,661009.9478657233
2014-11-24,610847.95702,Monday,11,2014,4,24,0,0,907432.656994,620876.340058,593376.793073,758926.230707,643637.8364129143,643089.2745131,673644.2470967233
2014-11-25,541225.608011,Tuesday,11,2014,4,25,1,0,610847.95702,553367.204141,552505.750307,892128.498949,642205.2102646286,644337.2147950286,668708.3046404901
2014-11-26,579125.306002,Wednesday,11,2014,4,26,2,0,541225.608011,580234.0113007,588093.484021,572806.6319285,640470.6965317714,643531.4903453143,657011.5416092233
2014-11-27,475823.897052,Thursday,11,2014,4,27,3,0,579125.306002,511855.7610447,468057.386823,512678.811505,640312.3100605285,642890.9062011,657222.1640783399
2014-11-28,559619.825094,Friday,11,2014,4,28,4,0,475823.897052,567978.732759,553007.970965,560819.6780005,635164.9009187144,643445.6569317429,655993.6669299067
2014-11-29,850925.105136,Saturday,11,2014,4,29,5,1,559619.825094,763720.148593,786124.201177,459715.26616,633970.7712522857,643917.9322266715,655953.6718330233
2014-11-30,1023691.281592,Sunday,11,2014,4,30,6,1,850925.105136,907432.656994,956619.401927,561876.0719155,646428.6221869999,648546.5682237429,668993.99979889
2014-12-01,817413.561974,Monday,12,2014,4,1,0,0,1023691.281592,610847.95702,620876.340058,873539.2478855,663036.9971295714,653337.4167712427,684387.84012144
2014-12-02,735319.1840285,Tuesday,12,2014,4,2,1,0,817413.561974,541225.608011,553367.204141,709851.4922288,692546.3692658572,667375.7897652427,682516.98392439
2014-12-03,715127.614539,Wednesday,12,2014,4,3,2,0,735319.1840285,579125.306002,580234.0113007,973192.041735,720274.0229826429,680372.3597572072,683365.90698438
2014-12-04,578961.517004,Thursday,12,2014,4,4,3,0,715127.614539,475823.897052,511855.7610447,702751.953595,739702.9242022142,690007.6171313713,674763.75941118
2014-12-05,635445.153317,Friday,12,2014,4,5,4,0,578961.517004,559619.825094,567978.732759,718799.9390395,754436.8699096428,694800.8854141785,670637.4115248133
2014-12-06,829386.70612,Saturday,12,2014,4,6,5,1,635445.153317,850925.105136,763720.148593,566118.381055,765269.0596557857,699619.9154540357,667858.9186673966
2014-12-07,1013889.8074,Sunday,12,2014,4,7,6,1,829386.70612,1023691.281592,907432.656994,585330.25773,762192.1455106429,704310.3838488214,676634.5295028966
2014-12-08,790283.289992,Monday,12,2014,4,8,0,0,1013889.8074,817413.561974,610847.95702,816064.644983,760791.9349117858,711914.4660206785,690919.84782523
2014-12-09,665123.962957,Tuesday,12,2014,4,9,1,0,790283.289992,735319.1840285,541225.608011,941478.422301,756916.1817715,724731.2755186785,690060.4693255299
2014-12-10,732121.033873,Wednesday,12,2014,4,10,2,0,665123.962957,715127.614539,579125.306002,593376.793073,746888.293047,733581.1580148215,680848.6540140634
2014-12-11,580542.178879,Thursday,12,2014,4,11,3,0,732121.033873,578961.517004,475823.897052,552505.750307,749315.9243804285,744509.4242913213,685473.4620407299
2014-12-12,642760.387245,Friday,12,2014,4,12,4,0,580542.178879,635445.153317,559619.825094,588093.484021,749541.7332197143,751989.3015646785,686408.0096597967
2014-12-13,854830.905829,Saturday,12,2014,4,13,5,1,642760.387245,829386.70612,850925.105136,468057.386823,750586.7666379999,757927.9131468929,688230.2397672633
2014-12-14,999106.1325775,Sunday,12,2014,4,14,6,1,854830.905829,1013889.8074,1023691.281592,553007.970965,754221.6523107142,758206.8989106786,701122.6904007967
2014-12-15,790182.945791,Monday,12,2014,4,15,0,0,999106.1325775,790283.289992,817413.561974,786124.201177,752109.6987646428,756450.8168382143,715992.6291212133
2014-12-16,799067.056179,Tuesday,12,2014,4,16,1,0,790182.945791,665123.962957,735319.1840285,956619.401927,752095.3638787856,754505.772825143,716127.9206083467
2014-12-17,779966.499188,Wednesday,12,2014,4,17,2,0,799067.056179,732121.033873,715127.614539,620876.340058,771230.0914819286,759059.1922644643,710876.17575008
2014-12-18,731938.479893,Thursday,12,2014,4,18,3,0,779966.499188,580542.178879,578961.517004,553367.204141,778065.1579555001,763690.5411679643,716179.1810544133
2014-12-19,757349.3758178999,Friday,12,2014,4,19,4,0,731938.479893,642760.387245,635445.153317,580234.0113007,799693.2009575,774617.4670886071,722131.5569128133
2014-12-20,935555.52434,Saturday,12,2014,4,20,5,1,757349.3758178999,854830.905829,829386.70612,511855.7610447,816063.0564679143,783324.9115529571,728035.4023967199
2014-12-21,1056605.2012285,Sunday,12,2014,4,21,6,1,935555.52434,999106.1325775,1013889.8074,567978.732759,827595.1448266285,790908.3985686714,742158.7278398966
2014-12-22,1008143.3460193,Monday,12,2014,4,22,0,0,1056605.2012285,790182.945791,790283.289992,763720.148593,835809.2974910571,793959.4981278499,758446.2767888799
2014-12-23,1064977.9730725,Tuesday,12,2014,4,23,1,0,1008143.3460193,799067.056179,665123.962957,907432.656994,866946.4975236714,809520.9307012287,766593.71670309
2014-12-24,965982.871715,Wednesday,12,2014,4,24,2,0,1064977.9730725,779966.499188,732121.033873,610847.95702,904933.7713655999,838081.9314237643,771845.22723904
2014-12-26,872098.456795,Friday,12,2014,4,26,4,0,965982.871715,731938.479893,580542.178879,541225.608011,931507.5388694572,854786.3484124786,783683.0577288733
2014-12-27,740596.158932,Saturday,12,2014,4,27,5,1,872098.456795,757349.3758178999,642760.387245,579125.306002,951530.3927126,875611.79683505,794712.1526883399
2014-12-28,716329.635071,Sunday,12,2014,4,28,6,1,740596.158932,935555.52434,854830.905829,475823.897052,949137.0760146144,882600.0662412642,800094.5144526734
2014-12-29,773998.401175,Monday,12,2014,4,29,0,0,716329.635071,1056605.2012285,999106.1325775,559619.825094,917819.0918333287,872707.1183299785,808111.3723866399
2014-12-30,912970.533204,Tuesday,12,2014,4,30,1,0,773998.401175,1008143.3460193,790182.945791,850925.105136,877446.6918256858,856627.9946583714,815257.3249226733
2014-12-31,844380.469674,Wednesday,12,2014,4,31,2,0,912970.533204,1064977.9730725,799067.056179,1023691.281592,863850.5757092143,865398.5366164428,817325.5058582734
2015-01-01,12773.61698,Thursday,1,2015,1,1,3,0,844380.469674,965982.871715,779966.499188,817413.561974,832336.6466522858,868635.2090089429,811348.47879434
2015-01-02,657763.391981,Friday,1,2015,1,2,4,0,12773.61698,872098.456795,731938.479893,735319.1840285,696163.895975857,813835.7174226571,784527.14729454
2015-01-03,648880.686926,Saturday,1,2015,1,3,5,1,657763.391981,740596.158932,757349.3758178999,715127.614539,665544.6010024286,808537.4968575144,781941.9542262901
2015-01-04,730923.776022,Sunday,1,2015,1,4,6,1,648880.686926,716329.635071,935555.52434,578961.517004,652442.3907158572,800789.7333652357,779733.7233058567
2015-01-05,569267.29796,Monday,1,2015,1,5,0,0,730923.776022,773998.401175,1056605.2012285,635445.153317,654527.2679945715,786173.17991395,784799.13193979
2015-01-06,477886.741053,Tuesday,1,2015,1,6,1,0,569267.29796,912970.533204,1008143.3460193,829386.70612,625279.9675352856,751363.3296804858,782593.2034278901
2015-01-07,494160.850117,Wednesday,1,2015,1,7,2,0,477886.741053,844380.469674,1064977.9730725,1013889.8074,563125.1400851428,713487.8578971785,770876.5379256568
2015-01-08,417482.689131,Thursday,1,2015,1,8,3,0,494160.850117,12773.61698,965982.871715,790283.289992,513093.7658627143,672715.2062575,753552.2393495566
2015-01-09,439381.226073,Friday,1,2015,1,9,4,0,417482.689131,657763.391981,872098.456795,665123.962957,570909.3475985714,633536.6217872143,741125.55265419
2015-01-10,569956.90801,Saturday,1,2015,1,10,5,1,439381.226073,648880.686926,740596.158932,732121.033873,539711.8953259999,602628.2481642143,733600.7947580566
2015-01-11,694860.9511,Sunday,1,2015,1,11,6,1,569956.90801,730923.776022,716329.635071,580542.178879,528437.0697665715,590439.7302412143,728195.3238959567
2015-01-12,442845.544014,Monday,1,2015,1,12,0,0,694860.9511,569267.29796,773998.401175,642760.387245,523285.2376348571,588906.2528147142,732005.9496366567
2015-01-13,393799.993059,Tuesday,1,2015,1,13,1,0,442845.544014,477886.741053,912970.533204,854830.905829,505224.9870711429,565252.4773032143,725342.1215289567
2015-01-14,400923.97107,Wednesday,1,2015,1,14,2,0,393799.993059,494160.850117,844380.469674,999106.1325775,493212.59450057143,528168.8672928571,709974.4244366233
2015-01-15,371146.144942,Thursday,1,2015,1,15,3,0,400923.97107,417482.689131,12773.61698,790182.945791,479893.040351,496493.40310685715,690035.0190530401
2015-01-16,423599.9357975,Friday,1,2015,1,16,4,0,371146.144942,439381.226073,657763.391981,799067.056179,473273.53403828567,522091.4408184286,676067.1256914067
2015-01-17,621865.434007,Saturday,1,2015,1,17,5,1,423599.9357975,569956.90801,648880.686926,779966.499188,471019.0639989286,505365.4796624643,663551.5550120233
2015-01-18,678277.030991,Sunday,1,2015,1,18,6,1,621865.434007,694860.9511,730923.776022,731938.479893,478434.5677127857,503435.8187396786,658281.51950599
2015-01-19,448217.896919,Monday,1,2015,1,19,0,0,678277.030991,442845.544014,569267.29796,757349.3758178999,476065.4362686429,499675.33695175,656492.8045425899
2015-01-20,405308.77722,Tuesday,1,2015,1,20,1,0,448217.896919,393799.993059,477886.741053,935555.52434,476832.9152550715,491028.9511631071,646188.4219126267
2015-01-21,413202.592067,Wednesday,1,2015,1,21,2,0,405308.77722,400923.97107,494160.850117,1056605.2012285,478477.02727807144,485844.8108893214,628513.53034196
2015-01-22,364862.5390355,Thursday,1,2015,1,22,3,0,413202.592067,371146.144942,417482.689131,1008143.3460193,480231.1159919286,480062.07817146427,607066.7767032434
2015-01-23,416937.181925,Friday,1,2015,1,23,4,0,364862.5390355,423599.9357975,439381.226073,1064977.9730725,479333.45800528576,476303.4960217857,585624.0831371167
2015-01-24,588849.871003,Saturday,1,2015,1,24,5,1,416937.181925,621865.434007,569956.90801,965982.871715,478381.6360235,474700.35001121426,564022.7234322
2015-01-25,631623.951015,Sunday,1,2015,1,25,6,1,588849.871003,678277.030991,694860.9511,872098.456795,473665.12702292856,476049.8473678571,551451.6234084667
2015-01-26,410009.617966,Monday,1,2015,1,26,0,0,631623.951015,448217.896919,442845.544014,740596.158932,467000.4013120714,471532.91879035713,543435.8065491333
2015-01-27,360009.850046,Tuesday,1,2015,1,27,1,0,410009.617966,405308.77722,393799.993059,716329.635071,461542.07574735716,469187.4955012143,532416.2551836
2015-01-28,376935.916035,Wednesday,1,2015,1,28,2,0,360009.850046,413202.592067,400923.97107,773998.401175,455070.80043678574,466773.91385742853,520538.9290161
2015-01-29,343062.160973,Thursday,1,2015,1,29,3,0,376935.916035,364862.5390355,371146.144942,912970.533204,449889.84671792854,465060.4813549286,507303.51284476666
2015-01-30,435899.6719165,Friday,1,2015,1,30,4,0,343062.160973,416937.181925,423599.9357975,844380.469674,446775.5069947142,463054.4825,488306.56710373337
2015-01-31,656205.841844,Saturday,1,2015,1,31,5,1,435899.6719165,588849.871003,621865.434007,12773.61698,449484.43413635716,463933.0350799286,474690.5405118167
2015-02-01,815294.475951,Sunday,2,2015,1,1,6,1,656205.841844,631623.951015,678277.030991,657763.391981,459106.7156850714,466385.921354,496138.2813406167
2015-02-02,538301.886974,Monday,2,2015,1,2,0,0,815294.475951,410009.617966,448217.896919,648880.686926,485345.3621045,476172.8817082857,501389.31747295
2015-02-03,475249.842928,Tuesday,2,2015,1,3,1,0,538301.886974,360009.850046,405308.77722,730923.776022,503672.8291056428,482607.4524265,497703.35747454996
2015-02-04,451923.147059,Wednesday,2,2015,1,4,2,0,475249.842928,376935.916035,413202.592067,569267.29796,520135.6852316428,487603.2428342143,489180.8930380834
2015-02-05,407491.967944,Thursday,2,2015,1,5,3,0,451923.147059,343062.160973,364862.5390355,477886.741053,530848.1468065,490368.9967622143,485269.4213413833
2015-02-06,437147.54517,Friday,2,2015,1,6,4,0,407491.967944,435899.6719165,416937.181925,494160.850117,540052.4049452143,493413.95596996427,482922.9289044167
2015-02-07,599911.594879,Saturday,2,2015,1,7,5,1,437147.54517,656205.841844,588849.871003,417482.689131,540230.6725528572,494857.5533446072,481022.48540618335
2015-02-08,622994.231951,Sunday,2,2015,1,8,6,1,599911.594879,815294.475951,631623.951015,439381.226073,532188.6372721429,495647.6764786071,487103.44893111667
2015-02-09,458002.152043,Monday,2,2015,1,9,0,0,622994.231951,538301.886974,410009.617966,569956.90801,504717.1738435714,495031.2679740357,493223.88246038335
2015-02-10,400825.9849177,Tuesday,2,2015,1,10,1,0,458002.152043,475249.842928,360009.850046,694860.9511,493245.78313914285,498459.3061223928,489492.0572614834
2015-02-11,400115.3330245,Wednesday,2,2015,1,11,2,0,400825.9849177,451923.147059,376935.916035,442845.544014,482613.8034233857,501374.7443275143,479690.8917220734
2015-02-12,384963.142969,Thursday,2,2015,1,12,3,0,400115.3330245,407491.967944,343062.160973,393799.993059,475212.68713274284,503030.41696962144,478266.5513557567
2015-02-13,493265.468013,Friday,2,2015,1,13,4,0,384963.142969,437147.54517,435899.6719165,400923.97107,471994.2835648857,506023.34425505,477971.98968609
2015-02-14,562855.068099,Saturday,2,2015,1,14,5,1,493265.468013,599911.594879,656205.841844,371146.144942,480011.12968531426,510120.90111908567,481050.03958418994
2015-02-15,434886.671834,Sunday,2,2015,1,15,6,1,562855.068099,622994.231951,815294.475951,423599.9357975,474717.3401453142,503452.9887087286,487440.33702275663
2015-02-16,420740.903983,Monday,2,2015,1,16,0,0,434886.671834,458002.152043,538301.886974,621865.434007,447844.8315571714,476281.0027003714,487816.5615573067
2015-02-17,483088.13409300003,Tuesday,2,2015,1,17,1,0,420740.903983,400825.9849177,475249.842928,678277.030991,442521.79612002854,467883.78962958575,481112.41055650666
2015-02-18,497499.057967,Wednesday,2,2015,1,18,2,0,483088.13409300003,400115.3330245,451923.147059,448217.896919,454273.5317165,468443.66756994283,474606.11399324
2015-02-19,436360.905914,Thursday,2,2015,1,19,3,0,497499.057967,384963.142969,407491.967944,405308.77722,468185.49242257146,471699.0897776571,476248.8193615067
2015-02-20,483681.015026,Friday,2,2015,1,20,4,0,436360.905914,493265.468013,437147.54517,413202.592067,475528.0299861428,473761.15677551425,477283.89031797333
2015-02-21,572753.075038,Saturday,2,2015,1,21,5,1,483681.015026,562855.068099,599911.594879,364862.5390355,474158.8224165715,477084.97605094285,479633.1710832733
2015-02-22,691339.067796,Sunday,2,2015,1,22,6,1,572753.075038,434886.671834,622994.231951,416937.181925,475572.82340785715,475145.0817765858,486562.85561669
2015-02-23,443349.890841,Monday,2,2015,1,23,0,0,691339.067796,420740.903983,458002.152043,588849.871003,512208.87997385714,480026.85576551437,495709.5851457233
2015-02-24,407890.277971,Tuesday,2,2015,1,24,1,0,443349.890841,483088.13409300003,400825.9849177,631623.951015,515438.7352392857,478980.26567965717,490859.58580699
2015-02-25,395774.954032,Wednesday,2,2015,1,25,2,0,407890.277971,497499.057967,400115.3330245,410009.617966,504696.1843647143,479484.8580406071,483401.7967055234
2015-02-26,354938.226975,Thursday,2,2015,1,26,3,0,395774.954032,436360.905914,384963.142969,360009.850046,490164.16951685713,479174.83096971427,482927.3079077234
2015-02-27,436488.424914,Friday,2,2015,1,27,4,0,354938.226975,483681.015026,493265.468013,376935.916035,478532.35823985713,477030.194113,482758.2538053567
2015-02-28,635263.400075,Saturday,2,2015,1,28,5,1,436488.424914,572753.075038,562855.068099,343062.160973,471790.5596524286,472974.6910345,484743.3374346567
2015-03-01,820434.9789239999,Sunday,3,2015,1,1,6,1,635263.400075,691339.067796,434886.671834,435899.6719165,480720.60608628567,478146.7147470714,494483.3787380567
2015-03-02,546037.787999,Monday,3,2015,1,2,0,0,820434.9789239999,443349.890841,420740.903983,656205.841844,499162.8791045714,505685.87953921437,507301.22230497334
2015-03-03,492365.24083,Tuesday,3,2015,1,3,1,0,546037.787999,407890.277971,483088.13409300003,815294.475951,513832.5786985714,514635.6569689285,503628.95384347334
2015-03-04,483330.548167,Wednesday,3,2015,1,4,2,0,492365.24083,395774.954032,497499.057967,538301.886974,525900.4305355714,515298.30745014286,492864.6460061067
2015-03-05,428599.809059,Thursday,3,2015,1,5,3,0,483330.548167,354938.226975,436360.905914,475249.842928,538408.3725548572,514286.27103585715,491032.2680458733
2015-03-06,463723.974873,Friday,3,2015,1,6,4,0,428599.809059,436488.424914,483681.015026,451923.147059,548931.4557097143,513731.90697478567,489477.26691690664
2015-03-07,657377.210913,Saturday,3,2015,1,7,5,1,463723.974873,635263.400075,572753.075038,407491.967944,552822.248561,512306.4041067143,489870.62784404005
2015-03-08,659563.411966,Sunday,3,2015,1,8,6,1,657377.210913,820434.9789239999,691339.067796,437147.54517,555981.3643949999,518350.98524064285,498200.1359430067
2015-03-09,480371.950086,Monday,3,2015,1,9,0,0,659563.411966,546037.787999,443349.890841,599911.594879,532999.7119724286,516081.29553849995,505613.9981695401
2015-03-10,457881.7640763,Tuesday,3,2015,1,10,1,0,480371.950086,492365.24083,407890.277971,622994.231951,523618.8779848572,518725.7283417143,501629.3433431067
2015-03-11,425617.727075,Wednesday,3,2015,1,11,2,0,457881.7640763,483330.548167,395774.954032,458002.152043,518692.6670200429,522296.54877780715,496125.59441395
2015-03-12,382588.6690535,Thursday,3,2015,1,12,3,0,425617.727075,428599.809059,354938.226975,400825.9849177,510447.9782926143,524428.1754237358,495046.1135816833
2015-03-13,434805.995204,Friday,3,2015,1,13,4,0,382588.6690535,463723.974873,436488.424914,400115.3330245,503874.9582918286,526403.2070007714,494438.20305287663
2015-03-14,616609.760896,Saturday,3,2015,1,14,5,1,434805.995204,657377.210913,635263.400075,384963.142969,499743.81833911437,526283.0334500571,495594.55845886
2015-03-15,662700.871933,Sunday,3,2015,1,15,6,1,616609.760896,659563.411966,820434.9789239999,493265.468013,493919.89690811426,524950.6306515571,503316.11238976003
2015-03-16,466598.425914,Monday,3,2015,1,16,0,0,662700.871933,480371.950086,546037.787999,562855.068099,494368.1054748286,513683.90872362856,508963.95918709337
2015-03-17,415359.51603,Tuesday,3,2015,1,17,1,0,466598.425914,457881.7640763,492365.24083,434886.671834,492400.4591645428,508009.6685747,505755.4044475934
2015-03-18,398629.999994,Wednesday,3,2015,1,18,2,0,415359.51603,425617.727075,483330.548167,420740.903983,486325.85230078566,502509.2596604143,505104.4992541267
2015-03-19,373324.3829895,Thursday,3,2015,1,19,3,0,398629.999994,382588.6690535,428599.809059,483088.13409300003,482470.4627177858,496459.2205052,504367.46912116004
2015-03-20,467687.945081,Friday,3,2015,1,20,4,0,373324.3829895,434805.995204,463723.974873,497499.057967,481146.9932800714,492510.9757859501,500708.67741771
2015-03-21,624099.228222,Saturday,3,2015,1,21,5,1,467687.945081,616609.760896,657377.210913,436360.905914,485844.41469107143,492794.11651509284,499714.9736548433
2015-03-22,646466.401887,Sunday,3,2015,1,22,6,1,624099.228222,662700.871933,659563.411966,483681.015026,486914.3385947858,490417.11775145,505972.91773177666
2015-03-23,462664.2370045,Monday,3,2015,1,23,0,0,646466.401887,466598.425914,480371.950086,572753.075038,484595.1285882142,489481.61703152145,511399.09729381005
2015-03-24,407369.722015,Tuesday,3,2015,1,24,1,0,462664.2370045,415359.51603,457881.7640763,691339.067796,484033.10160114284,488216.7803828428,507729.46935936
2015-03-25,408258.189916,Wednesday,3,2015,1,25,2,0,407369.722015,398629.999994,425617.727075,443349.890841,482891.70245614287,484608.77737846423,498263.82449999335
2015-03-26,367006.957001,Thursday,3,2015,1,26,3,0,408258.189916,373324.3829895,382588.6690535,407890.277971,484267.15815928567,483368.8104385357,497094.10113582667
2015-03-27,436906.608975,Friday,3,2015,1,27,4,0,367006.957001,467687.945081,434805.995204,395774.954032,483364.66873235715,482255.8310062143,495731.32377016
2015-03-28,589854.7040575,Saturday,3,2015,1,28,5,1,436906.608975,624099.228222,616609.760896,354938.226975,478967.3350029285,482405.874847,497102.37893492664
2015-03-29,641213.770163,Sunday,3,2015,1,29,6,1,589854.7040575,646466.401887,662700.871933,436488.424914,474075.2601222857,480494.7993585357,504932.92817101
2015-03-30,437878.834978,Monday,3,2015,1,30,0,0,641213.770163,462664.2370045,466598.425914,635263.400075,473324.88416171435,478960.0063749643,511757.10634597664
2015-03-31,443278.893073,Tuesday,3,2015,1,31,1,0,437878.834978,407369.722015,415359.51603,820434.9789239999,469784.11244364287,476908.60702239285,505177.6208427433
2015-04-01,557223.161038,Wednesday,4,2015,2,1,2,0,443278.893073,408258.189916,398629.999994,546037.787999,474913.9940233571,478902.84823974996,492605.75131437666
2015-04-02,524588.902022,Thursday,4,2015,2,2,3,0,557223.161038,367006.957001,373324.3829895,492365.24083,496194.70418364287,490230.93117146427,492978.5970823433
2015-04-03,510296.785948,Friday,4,2015,2,3,4,0,524588.902022,436906.608975,467687.945081,483330.548167,518706.41061521426,501035.5396737857,494052.71912207664
2015-04-04,653894.195903,Saturday,4,2015,2,4,5,1,510296.785948,589854.7040575,624099.228222,428599.809059,529190.7216113572,504079.02830714284,494951.5937147767
2015-04-05,659669.577136,Sunday,4,2015,2,5,6,1,653894.195903,641213.770163,646466.401887,463723.974873,538339.2204464285,506207.2402843571,502461.4066095767
2015-04-06,519734.816963,Monday,4,2015,2,6,0,0,659669.577136,437878.834978,462664.2370045,657377.210913,540975.7642997144,507150.3242307143,508992.92668500997
2015-04-07,464788.21798,Tuesday,4,2015,2,7,1,0,519734.816963,443278.893073,407369.722015,659563.411966,552669.4760118572,511226.79422775004,504404.8468866766
2015-04-08,461140.213006,Wednesday,4,2015,2,8,2,0,464788.21798,557223.161038,408258.189916,480371.950086,555742.2367128571,515328.11536810716,497912.3404204767
2015-04-09,398718.315935,Thursday,4,2015,2,9,3,0,461140.213006,524588.902022,367006.957001,457881.7640763,542016.1012797143,519105.4027316785,497271.28251781
2015-04-10,445869.298012,Friday,4,2015,2,10,4,0,398718.315935,510296.785948,436906.608975,425617.727075,524034.58898157143,521370.4997983929,495299.16757976665
2015-04-11,610603.017074,Saturday,4,2015,2,11,5,1,445869.298012,653894.195903,589854.7040575,382588.6690535,514830.6621335714,522010.6918724643,495974.21994433337
2015-04-12,659939.024086,Sunday,4,2015,2,12,6,1,610603.017074,659669.577136,641213.770163,434805.995204,508646.2080151429,523492.7142307857,503574.6982116833
2015-04-13,453724.756048,Monday,4,2015,2,13,0,0,659939.024086,519734.816963,437878.834978,616609.760896,508684.70043657144,524830.2323681429,511079.13250775
2015-04-14,403623.396979,Tuesday,4,2015,2,14,1,0,453724.756048,464788.21798,443278.893073,662700.871933,499254.6917344286,525962.0838731428,505649.63234614994
2015-04-15,438106.287965,Wednesday,4,2015,2,15,2,0,403623.396979,461140.213006,557223.161038,466598.425914,490516.8601628571,523129.5484378572,497013.71651435
2015-04-16,418643.193957,Thursday,4,2015,2,16,3,0,438106.287965,398718.315935,524588.902022,415359.51603,487226.29944271425,514621.2003612143,496063.97858271666
2015-04-17,456303.236748,Friday,4,2015,2,17,4,0,418643.193957,445869.298012,510296.785948,398629.999994,490072.7105887143,507053.64978514286,496173.4345136166
2015-04-18,629155.66071,Saturday,4,2015,2,18,5,1,456303.236748,610603.017074,653894.195903,373324.3829895,491563.27326528577,503196.96769942855,498095.87573875
2015-04-19,684544.950159,Sunday,4,2015,2,19,6,1,629155.66071,659939.024086,659669.577136,467687.945081,494213.65092757146,501429.92947135714,506623.58499609993
2015-04-20,481694.770966,Monday,4,2015,2,20,0,0,684544.950159,453724.756048,519734.816963,624099.228222,497728.7832237143,503206.74183014286,513852.1518320333
2015-04-21,426018.313035,Tuesday,4,2015,2,21,1,0,481694.770966,403623.396979,464788.21798,646466.401887,501724.4996405714,500489.5956875,509105.3365901667
2015-04-22,421108.210059,Wednesday,4,2015,2,22,2,0,426018.313035,438106.287965,461140.213006,462664.2370045,504923.7733628572,497720.31676285714,501757.0669617666
2015-04-23,392147.042002,Thursday,4,2015,2,23,3,0,421108.210059,418643.193957,398718.315935,407369.722015,502495.4765191428,494860.8879809286,500371.86606358335
2015-04-24,437625.507963,Friday,4,2015,2,24,4,0,392147.042002,456303.236748,445869.298012,408258.189916,498710.3119541429,494391.5112714285,499864.4433964834
2015-04-25,588781.512939,Saturday,4,2015,2,25,5,1,437625.507963,629155.66071,610603.017074,367006.957001,496042.0649848571,493802.6691250714,500843.35399805004
2015-04-26,625901.000988,Sunday,4,2015,2,26,6,1,588781.512939,684544.950159,659939.024086,436906.608975,490274.32958900003,492243.9902582857,508235.83919598337
2015-04-27,425049.148087,Monday,4,2015,2,27,0,0,625901.000988,481694.770966,453724.756048,589854.7040575,481896.62256457144,489812.7028941429,514535.6522630833
2015-04-28,374839.1850745,Tuesday,4,2015,2,28,1,0,425049.148087,426018.313035,403623.396979,641213.770163,473804.3907247143,487764.44518264284,509042.13373073336
2015-04-29,398724.330055,Wednesday,4,2015,2,29,2,0,374839.1850745,421108.210059,438106.287965,437878.834978,466493.08673035714,485708.43004660716,500162.98089445
2015-04-30,432612.141938,Thursday,4,2015,2,30,3,0,398724.330055,392147.042002,418643.193957,443278.893073,463295.3895869286,482895.4330530357,498857.83073035
2015-05-01,674509.400095,Friday,5,2015,2,1,4,0,432612.141938,437625.507963,456303.236748,557223.161038,469076.1181492143,483893.21505167853,498502.27235918335
2015-05-02,711052.273896,Saturday,5,2015,2,2,5,1,674509.400095,588781.512939,629155.66071,524588.902022,502916.6741680714,499479.3695764643,502411.81366108335
2015-05-03,742887.785029,Sunday,5,2015,2,3,6,1,711052.273896,625901.000988,684544.950159,510296.785948,520383.92573335714,505329.1276611785,508627.25939021667
2015-05-04,556245.147953,Monday,5,2015,2,4,0,0,742887.785029,425049.148087,481694.770966,653894.195903,537096.3234535,509496.47300903563,516380.29269291664
2015-05-05,509493.227021,Tuesday,5,2015,2,5,1,0,556245.147953,374839.1850745,426018.313035,659669.577136,555838.6091486429,514821.49993667856,513125.32442791667
2015-05-06,504999.550962,Wednesday,5,2015,2,6,2,0,509493.227021,398724.330055,421108.210059,519734.816963,575074.9008552858,520783.9937928215,508119.44609075005
2015-05-07,444082.309939,Thursday,5,2015,2,7,3,0,504999.550962,432612.141938,392147.042002,464788.21798,590257.0752705714,526776.23242875,507628.27055738337
2015-05-08,481304.22297,Friday,5,2015,2,8,4,0,444082.309939,674509.400095,437625.507963,461140.213006,591895.6706992857,530485.89442425,506938.0736226833
2015-05-09,706705.440076,Saturday,5,2015,2,9,5,1,481304.22297,711052.273896,588781.512939,398718.315935,564294.93111,533605.8026390357,507610.20728815
2015-05-10,558062.273048,Sunday,5,2015,2,10,6,1,706705.440076,742887.785029,625901.000988,445869.298012,563673.9548500001,542028.9402916786,517876.4447595167
2015-05-11,524864.051063,Monday,5,2015,2,11,0,0,558062.273048,556245.147953,425049.148087,610603.017074,537270.3102812858,537183.3168673929,521616.21059405
2015-05-12,452162.874045,Tuesday,5,2015,2,12,1,0,524864.051063,509493.227021,374839.1850745,659939.024086,532787.2964398571,544312.95279425,518758.24506035
2015-05-13,446915.639008,Wednesday,5,2015,2,13,2,0,452162.874045,504999.550962,398724.330055,453724.756048,524597.2460147144,549836.073435,511832.37339231663
2015-05-14,395609.666087,Thursday,5,2015,2,14,3,0,446915.639008,444082.309939,432612.141938,403623.396979,516299.544307,553278.3097887858,511605.4028243167
2015-05-15,483535.538107,Friday,5,2015,2,15,4,0,395609.666087,481304.22297,674509.400095,438106.287965,509374.88089957146,550635.2757994286,511338.27846124995
2015-05-16,709798.552994,Saturday,5,2015,2,16,5,1,483535.538107,706705.440076,711052.273896,418643.193957,509693.64020485716,536994.2856574286,512852.5867993167
2015-05-17,798186.132143,Sunday,5,2015,2,17,6,1,709798.552994,558062.273048,742887.785029,456303.236748,510135.51347885706,536904.7341644285,522557.76543388335
2015-05-18,496595.01098,Monday,5,2015,2,18,0,0,798186.132143,524864.051063,556245.147953,629155.66071,544438.921921,540854.6161011428,533953.86194705
2015-05-19,446375.4880335,Tuesday,5,2015,2,19,1,0,496595.01098,452162.874045,509493.227021,684544.950159,540400.4876234286,536593.8920316428,529535.1736227167
2015-05-20,466238.630977,Wednesday,5,2015,2,20,2,0,446375.4880335,446915.639008,504999.550962,481694.770966,539573.7181932143,532085.4821039643,521596.1915518667
2015-05-21,417006.136035,Thursday,5,2015,2,21,3,0,466238.630977,395609.666087,444082.309939,426018.313035,542334.1456173571,529316.8449621786,521080.9868855666
2015-05-22,458727.917031,Friday,5,2015,2,22,4,0,417006.136035,483535.538107,481304.22297,421108.210059,545390.7841813571,527382.8325404644,520780.58098556666
2015-05-23,658882.9229615,Saturday,5,2015,2,23,5,1,458727.917031,709798.552994,706705.440076,392147.042002,541846.8383133572,525770.2392591072,522034.5712179666
2015-05-24,738068.426823,Sunday,5,2015,2,24,6,1,658882.9229615,798186.132143,558062.273048,437625.507963,534573.1768801428,522354.3451795,530925.76724995
2015-05-25,534802.790004,Monday,5,2015,2,25,0,0,738068.426823,496595.01098,524864.051063,588781.512939,525984.933263,535211.927592,540940.53121195
2015-05-26,463132.406006,Tuesday,5,2015,2,26,1,0,534802.790004,446375.4880335,452162.874045,625901.000988,531443.1874092857,535921.8375163571,539141.2404474501
2015-05-27,481804.96096,Wednesday,5,2015,2,27,2,0,463132.406006,466238.630977,446915.639008,425049.148087,533837.0328339285,536705.3755135714,533715.6206147167
2015-05-28,428506.881011,Thursday,5,2015,2,28,3,0,481804.96096,417006.136035,395609.666087,374839.1850745,536060.7942600715,539197.4699387143,535607.4810438167
2015-05-29,560519.530038,Friday,5,2015,2,29,4,0,428506.881011,458727.917031,483535.538107,398724.330055,537703.7578280715,541547.2710047143,537396.4042417001
2015-05-30,855728.291973,Saturday,5,2015,2,30,5,1,560519.530038,658882.9229615,709798.552994,432612.141938,552245.4168290714,547046.1275712142,542789.5775744667
2015-05-31,1023564.76704,Sunday,5,2015,2,31,6,1,855728.291973,738068.426823,798186.132143,674509.400095,580366.1838307143,557469.6803554286,556893.4492423
2015-06-01,812081.2027655,Monday,6,2015,2,1,0,0,1023564.76704,534802.790004,496595.01098,711052.273896,621151.3752902858,573568.1542766428,568528.6281404666
2015-06-02,753430.6418917,Tuesday,6,2015,2,2,1,0,812081.2027655,463132.406006,446375.4880335,742887.785029,660762.5771133571,596102.8822613214,571896.2591027834
2015-06-03,747929.452075,Wednesday,6,2015,2,3,2,0,753430.6418917,481804.96096,466238.630977,556245.147953,702233.7536684572,618035.3932511929,572247.6876648733
2015-06-04,608994.6461083,Thursday,6,2015,2,4,3,0,747929.452075,428506.881011,417006.136035,509493.227021,740251.5381134572,638156.1661867643,578637.16446894
2015-06-05,657675.126037,Friday,6,2015,2,5,4,0,608994.6461083,560519.530038,458727.917031,504999.550962,766035.5045559286,651869.631192,581953.8784385166
2015-06-06,904437.271141,Saturday,6,2015,2,6,5,1,657675.126037,855728.291973,658882.9229615,444082.309939,779914.8754129286,666080.1461209999,587043.0642743501
2015-06-07,1070695.9178497,Sunday,6,2015,2,7,6,1,904437.271141,1023564.76704,738068.426823,481304.22297,786873.3010083571,683619.7424195356,602388.22964775
2015-06-08,696952.81204,Monday,6,2015,2,8,0,0,1070695.9178497,812081.2027655,534802.790004,706705.440076,793606.3225526,707378.848921443,622034.6194770733
2015-06-09,623725.1071692,Tuesday,6,2015,2,9,1,0,696952.81204,753430.6418917,463132.406006,558062.273048,777159.4095918144,718960.9933525857,621709.5318758733
2015-06-10,641435.3719983,Wednesday,6,2015,2,10,2,0,623725.1071692,747929.452075,481804.96096,524864.051063,758630.0474886,730431.9005785285,623898.2930132466
2015-06-11,510019.1489275,Thursday,6,2015,2,11,3,0,641435.3719983,608994.6461083,428506.881011,452162.874045,743416.6074776428,741834.0727955501,627784.00371109
2015-06-12,606616.000975,Friday,6,2015,2,12,4,0,510019.1489275,657675.126037,560519.530038,446915.639008,729277.2507375285,747656.3776467285,629712.5462071733
2015-06-13,840727.775905,Saturday,6,2015,2,13,5,1,606616.000975,904437.271141,855728.291973,395609.666087,721983.0900143858,750948.9827136571,635035.8916060732
2015-06-14,967745.7218685,Sunday,6,2015,2,14,6,1,840727.775905,1070695.9178497,1023564.76704,483535.538107,712881.7335521,749877.5172802286,649873.16193334
2015-06-15,666557.1317587,Monday,6,2015,2,15,0,0,967745.7218685,696952.81204,812081.2027655,709798.552994,698174.5626976428,745890.4426251213,666013.5013920567
2015-06-16,672637.824072,Tuesday,6,2015,2,16,1,0,666557.1317587,623725.1071692,753430.6418917,798186.132143,693832.3226574572,735495.8661246357,664572.1206842134
2015-06-17,677171.157112,Wednesday,6,2015,2,17,2,0,672637.824072,641435.3719983,747929.452075,496595.01098,700819.8536435714,729724.9505660858,660387.1770818467
2015-06-18,556155.0391433,Thursday,6,2015,2,18,3,0,677171.157112,510019.1489275,608994.6461083,446375.4880335,705924.9658026714,724670.7866401571,666406.3819529134
2015-06-19,659233.5706609,Friday,6,2015,2,19,4,0,556155.0391433,606616.000975,657675.126037,466238.630977,712515.8072620714,720896.5289998,670065.7003232401
2015-06-20,936951.654373,Saturday,6,2015,2,20,5,1,659233.5706609,840727.775905,904437.271141,417006.136035,720032.6029314856,721007.8464729358,676498.86497937
2015-06-21,790568.421132,Sunday,6,2015,2,21,6,1,936951.654373,967745.7218685,1070695.9178497,458727.917031,733778.8712840572,723330.3024180785,693830.3822573033
2015-06-22,701208.22895,Monday,6,2015,2,22,0,0,790568.421132,666557.1317587,696952.81204,658882.9229615,708467.8283217,703321.1955096715,704891.7323940034
2015-06-23,640322.326029,Tuesday,6,2015,2,23,1,0,701208.22895,672637.824072,623725.1071692,738068.426823,713417.9850633143,703625.1538603856,706302.5759269533
2015-06-24,643411.714061,Wednesday,6,2015,2,24,2,0,640322.326029,677171.157112,641435.3719983,534802.790004,708801.4853428857,704810.6694932285,703044.3725671533
2015-06-25,518700.9558973,Thursday,6,2015,2,25,3,0,643411.714061,556155.0391433,510019.1489275,463132.406006,703978.7077641713,704951.8367834213,706664.67003572
2015-06-26,593299.460788,Friday,6,2015,2,26,4,0,518700.9558973,659233.5706609,606616.000975,481804.96096,698628.1244433143,705571.9658526928,708516.9550320966
2015-06-27,831492.4641955,Saturday,6,2015,2,27,5,1,593299.460788,936951.654373,840727.775905,428506.881011,689208.9658900431,704620.7844107643,712233.4383596967
2015-06-28,976563.5890657,Sunday,6,2015,2,28,6,1,831492.4641955,790568.421132,967745.7218685,560519.530038,674143.3672932571,703961.1192886572,725666.2911325133
2015-06-29,639072.192193,Monday,6,2015,2,29,0,0,976563.5890657,701208.22895,666557.1317587,855728.291973,700714.1055694999,704590.9669456,739534.4264334367
2015-06-30,669548.425059,Tuesday,6,2015,2,30,1,0,639072.192193,640322.326029,672637.824072,1023564.76704,691837.5288899286,702627.7569766213,732312.55644077
2015-07-01,885953.200992,Wednesday,7,2015,3,1,2,0,669548.425059,643411.714061,677171.157112,812081.2027655,696012.6858942143,702407.08561855,720512.01170807
2015-07-02,705642.2820965,Thursday,7,2015,3,2,3,0,885953.200992,518700.9558973,556155.0391433,753430.6418917,730661.4697415001,717320.0887528358,722974.4116489533
2015-07-03,772773.3939200001,Friday,7,2015,3,3,4,0,705642.2820965,593299.460788,659233.5706609,747929.452075,757367.3734842428,727997.7489637786,721381.4663224467
2015-07-04,1018541.84294,Saturday,7,2015,3,4,5,1,772773.3939200001,831492.4641955,936951.654373,608994.6461083,783006.5067888144,736107.7363394286,722209.59771728
2015-07-05,982427.6819,Sunday,7,2015,3,5,6,1,1018541.84294,976563.5890657,790568.421132,657675.126037,809727.8466094573,741935.6069513571,735861.1709450034
2015-07-06,754949.70914,Monday,7,2015,3,6,0,0,982427.6819,639072.192193,701208.22895,904437.271141,810565.5741572141,755639.8398633571,746686.2561404366
2015-07-07,654821.0515315,Tuesday,7,2015,3,7,1,0,754949.70914,669548.425059,640322.326029,1070695.9178497,827119.5051496428,759478.5170197858,741703.33740707
2015-07-08,732992.130029,Wednesday,7,2015,3,8,2,0,654821.0515315,885953.200992,643411.714061,696952.81204,825015.5946457143,760514.1402699642,727840.8418631299
2015-07-09,605032.4963965,Thursday,7,2015,3,9,3,0,732992.130029,705642.2820965,518700.9558973,623725.1071692,803164.0130795714,766912.7414105358,729042.1524627634
2015-07-10,643986.381178,Friday,7,2015,3,10,4,0,605032.4963965,772773.3939200001,593299.460788,641435.3719983,788791.186551,773079.2800176216,728419.0654370066
2015-07-11,794984.703157,Saturday,7,2015,3,11,5,1,643986.381178,1018541.84294,831492.4641955,510019.1489275,770393.0418735715,776699.7743311928,728504.09907633
2015-07-12,898731.936734,Sunday,7,2015,3,12,6,1,794984.703157,982427.6819,976563.5890657,606616.000975,738456.3076188571,774092.0771141571,738002.95088398
2015-07-13,647967.077874,Monday,7,2015,3,13,0,0,898731.936734,754949.70914,639072.192193,840727.775905,726499.7725951428,768532.6733761786,747740.1487426135
2015-07-14,601452.258023,Tuesday,7,2015,3,14,1,0,647967.077874,654821.0515315,669548.425059,967745.7218685,711216.5395571429,769168.0223533929,741314.7921415799
2015-07-15,664505.1001790001,Wednesday,7,2015,3,15,2,0,601452.258023,732992.130029,885953.200992,666557.1317587,703592.4261987858,764304.0104222501,729105.0100133966
2015-07-16,584042.727022,Thursday,7,2015,3,16,3,0,664505.1001790001,605032.4963965,705642.2820965,672637.824072,693808.5647916428,748486.2889356072,729036.60896074
2015-07-17,653452.17114,Friday,7,2015,3,17,4,0,584042.727022,643986.381178,772773.3939200001,677171.157112,690810.0263095715,739800.6064302857,726083.4390590733
2015-07-18,826353.336031,Saturday,7,2015,3,18,5,1,653452.17114,794984.703157,1018541.84294,556155.0391433,692162.2820184287,731277.661946,725292.8061933401
2015-07-19,894707.299378,Sunday,7,2015,3,19,6,1,826353.336031,898731.936734,982427.6819,659233.5706609,696643.5152861428,717549.9114525,734299.4160895966
2015-07-20,685961.243972,Monday,7,2015,3,20,0,0,894707.299378,647967.077874,754949.70914,936951.654373,696068.5670924286,711284.1698437857,742148.5403801666
2015-07-21,607836.498977,Tuesday,7,2015,3,21,1,0,685961.243972,601452.258023,654821.0515315,790568.421132,701496.3051064286,706356.4223317857,733782.1933668
2015-07-22,631385.408886,Wednesday,7,2015,3,22,2,0,607836.498977,664505.1001790001,732992.130029,701208.22895,702408.3395284286,703000.3828636071,727691.1292949667
2015-07-23,541511.421067,Thursday,7,2015,3,23,3,0,631385.408886,584042.727022,605032.4963965,640322.326029,697676.955058,695742.7599248214,725363.7019595001
2015-07-24,635244.2449785,Friday,7,2015,3,24,4,0,541511.421067,653452.17114,643986.381178,643411.714061,691601.0542072857,691205.5402584284,722070.0051274333
2015-07-25,797427.520942,Saturday,7,2015,3,25,5,1,635244.2449785,826353.336031,794984.703157,518700.9558973,688999.9218985,690581.1019584642,721797.7561580166
2015-07-26,875032.0362592,Sunday,7,2015,3,26,6,1,797427.520942,894707.299378,898731.936734,593299.460788,684867.6626000714,690755.5889431072,731088.6416595068
2015-07-27,652999.1942961001,Monday,7,2015,3,27,0,0,875032.0362592,685961.243972,647967.077874,831492.4641955,682056.9107259571,689062.7389091927,740479.7275085467
2015-07-28,594977.6665523,Tuesday,7,2015,3,28,1,0,652999.1942961001,607836.498977,601452.258023,976563.5890657,677348.0464865428,689422.1757964857,734529.9518452334
2015-07-29,625449.98155,Wednesday,7,2015,3,29,2,0,594977.6665523,631385.408886,664505.1001790001,639072.192193,675511.0704258715,688959.70497715,721810.4210947866
2015-07-30,543393.592625,Thursday,7,2015,3,30,3,0,625449.98155,541511.421067,584042.727022,669548.425059,674663.1522350142,686170.0536465071,721356.3474066867
2015-07-31,695083.4489723,Friday,7,2015,3,31,4,0,543393.592625,635244.2449785,653452.17114,885953.200992,674932.0338861571,683266.5440467214,717151.1863255533
2015-08-01,1044894.790061,Saturday,8,2015,3,1,5,1,695083.4489723,797427.520942,826353.336031,705642.2820965,683480.4915995571,686240.2067490285,710788.8612582299
2015-08-02,1043495.475018,Sunday,8,2015,3,2,6,1,1044894.790061,875032.0362592,894707.299378,772773.3939200001,718832.9586165572,701850.3106083144,722097.27819038
2015-08-03,811119.83411,Monday,8,2015,3,3,0,0,1043495.475018,652999.1942961001,685961.243972,1018541.84294,742899.1641535285,712478.0374397429,731121.3475603133
2015-08-04,726613.35811,Tuesday,8,2015,3,4,1,0,811119.83411,594977.6665523,607836.498977,982427.6819,765487.8269840857,721417.9367353143,724207.2805993133
2015-08-05,724346.594,Wednesday,8,2015,3,5,2,0,726613.35811,625449.98155,631385.408886,754949.70914,784292.9257780429,729901.9981019571,715680.13647298
2015-08-06,583375.211759,Thursday,8,2015,3,6,3,0,724346.594,543393.592625,541511.421067,654821.0515315,798421.0132709,736542.0827529571,714660.0326349799
2015-08-07,663326.5180703,Friday,8,2015,3,7,4,0,583375.211759,695083.4489723,635244.2449785,732992.130029,804132.6731471857,739532.3535166716,712278.5046425634
2015-08-08,784099.215997,Saturday,8,2015,3,8,5,1,663326.5180703,1044894.790061,797427.520942,605032.4963965,799595.9687326143,741538.2301660858,709956.3175772734
2015-08-09,679410.125135,Sunday,8,2015,3,9,6,1,784099.215997,1043495.475018,875032.0362592,643986.381178,762339.4581520428,740586.2083842999,715925.2082306234
2015-08-10,785477.934216,Monday,8,2015,3,10,0,0,679410.125135,811119.83411,652999.1942961001,794984.703157,710327.2653116144,726613.2147325715,717105.9996958567
2015-08-11,668280.357956,Tuesday,8,2015,3,11,1,0,785477.934216,726613.35811,594977.6665523,898731.936734,706664.1367553286,736075.9818697071,716789.1073978234
2015-08-12,678064.7316857,Wednesday,8,2015,3,12,2,0,668280.357956,724346.594,625449.98155,647967.077874,698330.8510190428,741311.8883985429,709107.3881052233
2015-08-13,557859.477954,Thursday,8,2015,3,13,3,0,678064.7316857,583375.211759,543393.592625,601452.258023,691719.1564027143,745070.0848368071,710110.64323228
2015-08-14,734484.205049,Friday,8,2015,3,14,4,0,557859.477954,663326.5180703,695083.4489723,664505.1001790001,688074.0515734286,746103.3623603071,708657.5505633133
2015-08-15,936339.0260589999,Saturday,8,2015,3,15,5,1,734484.205049,784099.215997,1044894.790061,584042.727022,698239.4354275286,748917.7020800716,710990.1873923133
2015-08-16,913846.62503,Sunday,8,2015,3,16,6,1,936339.0260589999,679410.125135,1043495.475018,653452.17114,719987.9797221,741163.7189370714,722733.3973602133
2015-08-17,694747.161863,Monday,8,2015,3,17,0,0,913846.62503,785477.934216,811119.83411,826353.336031,753478.9082785286,731903.0867950714,731413.21248988
2015-08-18,629475.6430527,Tuesday,8,2015,3,18,1,0,694747.161863,668280.357956,726613.35811,894707.299378,740517.369370957,723590.7530631429,727026.3400176134
2015-08-19,653733.3600063,Wednesday,8,2015,3,19,2,0,629475.6430527,678064.7316857,724346.594,685961.243972,734973.8386704858,716652.3448447643,718185.28480677
2015-08-20,569443.704073,Thursday,8,2015,3,20,3,0,653733.3600063,557859.477954,583375.211759,607836.498977,731497.9284305715,711608.5424166428,717111.0220079134
2015-08-21,653281.208151,Friday,8,2015,3,21,4,0,569443.704073,734484.205049,663326.5180703,631385.408886,733152.8178761428,710613.4347247856,715831.26217778
2015-08-22,803270.157597,Saturday,8,2015,3,22,5,1,653281.208151,936339.0260589999,784099.215997,541511.421067,721552.3897478571,709895.9125876928,716561.12215328
2015-08-23,865755.397429,Sunday,8,2015,3,23,6,1,803270.157597,913846.62503,679410.125135,635244.2449785,702542.5513961428,711265.2655591214,725286.4133709467
2015-08-24,681575.9899773,Monday,8,2015,3,24,0,0,865755.397429,694747.161863,785477.934216,797427.520942,695672.3760245714,724575.64215155,732970.1184526301
2015-08-25,624698.33755,Tuesday,8,2015,3,25,1,0,681575.9899773,629475.6430527,668280.357956,875032.0362592,693790.7800409,717154.0747059286,729108.4007538067
2015-08-26,640075.9908365,Wednesday,8,2015,3,26,2,0,624698.33755,653733.3600063,678064.7316857,652999.1942961001,693108.3078262286,714041.0732483572,720763.9441301668
2015-08-27,548043.327354,Thursday,8,2015,3,27,3,0,640075.9908365,569443.704073,557859.477954,594977.6665523,691157.2550876858,711327.5917591286,720333.1706815134
2015-08-28,635737.2322,Friday,8,2015,3,28,4,0,548043.327354,653281.208151,734484.205049,625449.98155,688100.0584135429,710626.4381448429,718768.6927082367
2015-08-29,876953.096934,Saturday,8,2015,3,29,5,1,635737.2322,803270.157597,936339.0260589999,543393.592625,685593.7761348285,703573.0829413428,719111.6010632367
2015-08-30,975697.601858,Sunday,8,2015,3,30,6,1,876953.096934,865755.397429,913846.62503,695083.4489723,696119.9103258286,699331.2308609857,730230.25120687
2015-08-31,776152.5521897,Monday,8,2015,3,31,0,0,975697.601858,681575.9899773,694747.161863,1044894.790061,711825.9395299715,703749.1577772713,739584.05630306
2015-09-01,906549.992952,Tuesday,9,2015,3,1,1,0,776152.5521897,624698.33755,629475.6430527,1043495.475018,725336.8769888857,709563.8285148928,730625.98170735
2015-09-02,879033.0925,Wednesday,9,2015,3,2,2,0,906549.992952,640075.9908365,653733.3600063,811119.83411,765601.3991891714,729354.8535077,726061.13230515
2015-09-03,707093.042,Thursday,9,2015,3,3,3,0,879033.0925,548043.327354,569443.704073,726613.35811,799738.127998243,745447.6915429643,728324.9075848166
2015-09-04,736395.302632,Friday,9,2015,3,4,4,0,707093.042,635737.2322,653281.208151,724346.594,822459.5158048143,755279.7871091786,727674.23038115
2015-09-05,1052868.394291,Saturday,9,2015,3,5,5,1,736395.302632,876953.096934,803270.157597,583375.211759,836839.2401522428,761216.5081435357,728075.8540022166
2015-09-06,1147642.583011,Sunday,9,2015,3,6,6,1,1052868.394291,975697.601858,865755.397429,663326.5180703,861969.9969175284,779044.9536216786,743725.6267532833
2015-09-07,767382.7769737,Monday,9,2015,3,7,0,0,1147642.583011,776152.5521897,681575.9899773,784099.215997,886533.5656536714,799179.7525918215,759869.49558464
2015-09-08,677312.236066,Tuesday,9,2015,3,8,1,0,767382.7769737,906549.992952,624698.33755,679410.125135,885280.7406228144,805308.80880585,759312.28095053
2015-09-09,705633.4998935,Wednesday,9,2015,3,9,2,0,677312.236066,879033.0925,640075.9908365,785477.934216,852532.4896390999,809066.9444141358,759242.3513148966
2015-09-10,577743.795026,Thursday,9,2015,3,10,3,0,705633.4998935,707093.042,548043.327354,668280.357956,827761.1192667428,813749.6236324927,756580.8701708133
2015-09-11,651330.167952,Friday,9,2015,3,11,4,0,577743.795026,736395.302632,635737.2322,678064.7316857,809282.6554133144,815871.0856090643,753562.9847398134
2015-09-12,921524.436013,Saturday,9,2015,3,12,5,1,651330.167952,1052868.394291,876953.096934,557859.477954,797130.4933161715,816984.8667342073,752671.8326153567
2015-09-13,1023345.318906,Sunday,9,2015,3,13,6,1,921524.436013,1147642.583011,975697.601858,734484.205049,778367.0707050285,820168.5338112785,764793.99788399
2015-09-14,688405.1900610001,Monday,9,2015,3,14,0,0,1023345.318906,767382.7769737,776152.5521897,936339.0260589999,760610.3186900286,823571.9421718501,774422.7016792233
2015-09-15,682134.3540295,Tuesday,9,2015,3,15,1,0,688405.1900610001,677312.236066,906549.992952,913846.62503,749327.8062739286,817304.2734483714,766158.24047929
2015-09-16,742089.667998,Wednesday,9,2015,3,16,2,0,682134.3540295,705633.4998935,879033.0925,694747.161863,750016.6802687143,801274.5849539071,758434.4981126066
2015-09-17,593577.802125,Thursday,9,2015,3,17,3,0,742089.667998,577743.795026,707093.042,629475.6430527,755224.7042836428,791492.911775193,760012.58165044
2015-09-18,653805.874946,Friday,9,2015,3,18,4,0,593577.802125,651330.167952,736395.302632,653733.3600063,757486.7052977858,783384.6803555499,758815.98695285
2015-09-19,935893.481059,Saturday,9,2015,3,19,5,1,653805.874946,921524.436013,1052868.394291,569443.704073,757840.3777255,777485.4355208358,758818.4041175066
2015-09-20,1037532.860693,Sunday,9,2015,3,20,6,1,935893.481059,1023345.318906,1147642.583011,653281.208151,759893.0984463572,769130.0845756929,771033.3966837066
2015-09-21,717725.376959,Monday,9,2015,3,21,0,0,1037532.860693,688405.1900610001,767382.7769737,803270.157597,761919.8901302144,761265.1044101215,783841.7851017733
2015-09-22,641914.7389995,Tuesday,9,2015,3,22,1,0,717725.376959,682134.3540295,677312.236066,865755.397429,766108.4882585,757718.1472662144,780990.29241384
2015-09-23,690419.721922,Wednesday,9,2015,3,23,2,0,641914.7389995,742089.667998,705633.4998935,681575.9899773,760362.8289685,755189.7546186072,773528.9371328566
2015-09-24,557321.610921,Thursday,9,2015,3,24,3,0,690419.721922,593577.802125,577743.795026,624698.33755,752981.4081005,754103.0561920715,773823.72819768
2015-09-25,646083.8750635,Friday,9,2015,3,25,4,0,557321.610921,653805.874946,651330.167952,640075.9908365,747801.9522142143,752644.328756,771577.8373100467
2015-09-26,890486.060145,Saturday,9,2015,3,26,5,1,646083.8750635,935893.481059,921524.436013,548043.327354,746698.8093738572,752269.5935496785,771778.1001176132
2015-09-27,1018062.963565,Sunday,9,2015,3,27,6,1,890486.060145,1037532.860693,1023345.318906,635737.2322,740212.0349575715,750052.5667019644,783192.8578773134
2015-09-28,671261.0640092,Monday,9,2015,3,28,0,0,1018062.963565,717725.376959,688405.1900610001,876953.096934,737430.6210821429,749675.2556061785,795937.0489228133
2015-09-29,609130.6581453,Tuesday,9,2015,3,29,1,0,671261.0640092,641914.7389995,682134.3540295,975697.601858,730792.8620893144,748450.6751739072,789080.64782532
2015-09-30,711182.539054,Wednesday,9,2015,3,30,2,0,609130.6581453,690419.721922,742089.667998,776152.5521897,726109.4219672858,743236.125467893,776861.7497015634
2015-10-01,796340.858947,Thursday,10,2015,4,1,3,0,711182.539054,557321.610921,593577.802125,906549.992952,729075.5387004286,741028.4734004643,774696.08259704
2015-10-02,830719.3877440001,Friday,10,2015,4,2,4,0,796340.858947,646083.8750635,653805.874946,879033.0925,763221.1455612857,755511.54888775,771022.4447968733
2015-10-03,1179376.177625,Saturday,10,2015,4,3,5,1,830719.3877440001,890486.060145,935893.481059,707093.042,789597.6473727857,768148.2283733215,769411.9879716734
2015-10-04,1234130.938595,Sunday,10,2015,4,4,6,1,1179376.177625,1018062.963565,1037532.860693,736395.302632,830867.6641556429,785539.8495566072,785154.7591591734
2015-10-05,809524.837996,Monday,10,2015,4,5,0,0,1234130.938595,671261.0640092,717725.376959,1052868.394291,861734.5177313571,799582.56940675,801745.9470246068
2015-10-06,696169.275967,Tuesday,10,2015,4,6,1,0,809524.837996,609130.6581453,641914.7389995,1147642.583011,881486.485443757,806139.6737665358,793634.4951481067
2015-10-07,720562.330573,Wednesday,10,2015,4,7,2,0,696169.275967,711182.539054,690419.721922,767382.7769737,893920.573704,810014.9978356428,778585.3849133067
2015-10-08,603066.030064,Thursday,10,2015,4,8,3,0,720562.330573,796340.858947,557321.610921,677312.236066,895260.543921,812168.0413107143,777024.7033666166
2015-10-09,873934.7190479999,Friday,10,2015,4,9,4,0,603066.030064,830719.3877440001,646083.8750635,705633.4998935,867649.8540805716,815435.4998209287,774549.8298332167
2015-10-10,867556.973019,Saturday,10,2015,4,10,5,1,873934.7190479999,1179376.177625,890486.060145,577743.795026,873823.4728382857,831710.5601055358,780159.8704717
2015-10-11,973329.203973,Sunday,10,2015,4,11,6,1,867556.973019,1234130.938595,1018062.963565,651330.167952,829277.8721802857,830072.7681679643,789820.3097381333
2015-10-12,721634.5721813,Monday,10,2015,4,12,0,0,973329.203973,809524.837996,671261.0640092,921524.436013,792020.48152,826877.4996256785,800553.6109388333
2015-10-13,585141.5538577,Tuesday,10,2015,4,13,1,0,721634.5721813,696169.275967,609130.6581453,1023345.318906,779464.729260757,830475.6073522571,793890.6154777766
2015-10-14,688198.106351,Wednesday,10,2015,4,14,2,0,585141.5538577,720562.330573,711182.539054,688405.1900610001,763603.6261022857,828762.0999031429,779283.8233095
2015-10-15,577952.197162,Thursday,10,2015,4,15,3,0,688198.106351,603066.030064,796340.858947,682134.3540295,758980.1654991427,827120.3547100715,779276.9205191667
2015-10-16,693829.351874,Friday,10,2015,4,16,4,0,577952.197162,873934.7190479999,830719.3877440001,742089.667998,755392.4750845714,811521.1645825716,775804.1819569167
2015-10-17,958052.958031,Saturday,10,2015,4,17,5,1,693829.351874,867556.973019,1179376.177625,593577.802125,729663.1369168571,801743.3048775715,774195.5047527833
2015-10-18,1071477.102879,Sunday,10,2015,4,18,6,1,958052.958031,973329.203973,1234130.938595,653805.874946,742591.1347757143,785934.503478,786344.6766163167
2015-10-19,699259.488037,Monday,10,2015,4,19,0,0,1071477.102879,721634.5721813,809524.837996,935893.481059,756612.2631908571,774316.3723554285,800267.0508807501
2015-10-20,660308.361186,Tuesday,10,2015,4,20,1,0,699259.488037,585141.5538577,696169.275967,1037532.860693,753415.8225988141,766440.2759297856,792379.25111335
2015-10-21,672847.3460333,Wednesday,10,2015,4,21,2,0,660308.361186,688198.106351,720562.330573,717725.376959,764153.9379314287,763878.7820168572,779805.1011297834
2015-10-22,547020.0469813,Thursday,10,2015,4,22,3,0,672847.3460333,577952.197162,603066.030064,641914.7389995,761960.9721717571,760470.56883545,778309.1667655933
2015-10-23,639040.6062,Friday,10,2015,4,23,4,0,547020.0469813,693829.351874,873934.7190479999,690419.721922,757542.0935745143,756467.2843295428,775146.0103649867
2015-10-24,859950.710621,Saturday,10,2015,4,24,5,1,639040.6062,958052.958031,867556.973019,557321.610921,749715.1299068,739689.1334118285,773433.3731742533
2015-10-25,1018783.141953,Sunday,10,2015,4,25,6,1,859950.710621,1071477.102879,973329.203973,646083.8750635,735700.5231339429,739145.8289548287,783521.00983092
2015-10-26,649914.352338,Monday,10,2015,4,26,0,0,1018783.141953,699259.488037,721634.5721813,890486.060145,728172.8144302286,742392.5388105428,795944.3187272367
2015-10-27,587066.101075,Tuesday,10,2015,4,27,1,0,649914.352338,660308.361186,585141.5538577,1018062.963565,721123.5093303715,737269.665964593,787925.2618003368
2015-10-28,599388.1222552,Wednesday,10,2015,4,28,2,0,587066.101075,672847.3460333,688198.106351,671261.0640092,710660.3293145142,737407.1336229714,773558.6997173367
2015-10-29,511860.0689186,Thursday,10,2015,4,29,3,0,599388.1222552,547020.0469813,577952.197162,609130.6581453,700166.1544890715,731063.5633304144,771162.9349922034
2015-10-30,635875.8911987,Friday,10,2015,4,30,4,0,511860.0689186,639040.6062,693829.351874,711182.539054,695143.3004801143,726342.6970273142,767920.5820179799
2015-10-31,915956.851878,Saturday,10,2015,4,31,5,1,635875.8911987,859950.710621,958052.958031,796340.858947,694691.1983370715,722203.1641219357,765410.3604228033
2015-11-01,819250.388037,Sunday,11,2015,4,1,6,1,915956.851878,1018783.141953,1071477.102879,830719.3877440001,702692.0756594999,719196.2993967214,769397.56018717
2015-11-02,762549.794932,Monday,11,2015,4,2,0,0,819250.388037,649914.352338,699259.488037,1179376.177625,674187.3965286429,701180.1054794358,769015.2601969367
2015-11-03,1033439.132986,Tuesday,11,2015,4,3,1,0,762549.794932,587066.101075,660308.361186,1234130.938595,690278.1740420714,705700.8416862215,755121.0474405033
2015-11-04,855494.43996,Wednesday,11,2015,4,4,2,0,1033439.132986,599388.1222552,672847.3460333,809524.837996,754045.7500293572,732353.0396719357,748431.32058687
2015-11-05,649662.670907,Thursday,11,2015,4,5,3,0,855494.43996,511860.0689186,547020.0469813,696169.275967,790632.3668443285,745399.2606667,749963.6406523366
2015-11-06,671145.788057,Friday,11,2015,4,6,4,0,649662.670907,635875.8911987,639040.6062,720562.330573,810318.4528426714,752730.8766613929,748413.4204836698
2015-11-07,929723.344157,Saturday,11,2015,4,7,5,1,671145.788057,915956.851878,859950.710621,603066.030064,815357.0095367143,755024.1039368929,746766.2023998033
2015-11-08,1077361.9559685,Sunday,11,2015,4,8,6,1,929723.344157,819250.388037,1018783.141953,873934.7190479999,817323.6512908571,760007.8634751785,757654.7795362367
2015-11-09,683644.901987,Monday,11,2015,4,9,0,0,1077361.9559685,762549.794932,649914.352338,867556.973019,854196.7324239286,764192.0644762857,764435.6874335867
2015-11-10,623529.1790699,Tuesday,11,2015,4,10,1,0,683644.901987,1033439.132986,587066.101075,973329.203973,842924.6048603571,766601.3894512142,758305.2850658534
2015-11-11,689746.212316,Wednesday,11,2015,4,11,2,0,623529.1790699,855494.43996,599388.1222552,721634.5721813,784366.0400152,769205.8950222785,746645.28423575
2015-11-12,506937.6640027,Thursday,11,2015,4,12,3,0,689746.212316,649662.670907,511860.0689186,585141.5538577,760687.7217803429,775660.0443123357,745582.3389069067
2015-11-13,626674.025055,Friday,11,2015,4,13,4,0,506937.6640027,671145.788057,635875.8911987,688198.106351,740298.4350797285,775308.4439612001,742975.5425784066
2015-11-14,867597.332909,Saturday,11,2015,4,14,5,1,626674.025055,929723.344157,915956.851878,577952.197162,733945.3260794429,774651.1678080786,740924.73986854
2015-11-15,1056159.462651,Sunday,11,2015,4,15,6,1,867597.332909,1077361.9559685,819250.388037,693829.351874,725070.1816154429,771196.91645315,750579.5777267733
2015-11-16,716508.7092174999,Monday,11,2015,4,16,0,0,1056159.462651,683644.901987,762549.794932,958052.958031,722041.2539986571,788118.9932112928,762657.2480860066
2015-11-17,618919.988059,Tuesday,11,2015,4,17,1,0,716508.7092174999,623529.1790699,1033439.132986,1071477.102879,726736.0836030142,784830.3442316856,754605.7731255566
2015-11-18,683954.18795,Wednesday,11,2015,4,18,2,0,618919.988059,689746.212316,855494.43996,699259.488037,726077.6277443143,755221.8338797571,739520.53596489
2015-11-19,560452.567301,Thursday,11,2015,4,19,3,0,683954.18795,506937.6640027,649662.670907,660308.361186,725250.1956920286,742968.9587361858,739010.3592953234
2015-11-20,665619.668251,Friday,11,2015,4,20,4,0,560452.567301,626674.025055,671145.788057,672847.3460333,732895.1818775,736596.8084786143,735681.8328324899
2015-11-21,863726.8816559,Saturday,11,2015,4,21,5,1,665619.668251,867597.332909,929723.344157,547020.0469813,738458.8451912144,736202.0856353285,735440.9102397467
2015-11-22,1015844.2849005,Sunday,11,2015,4,22,6,1,863726.8816559,1056159.462651,1077361.9559685,639040.6062,737905.9235836286,731488.0525995357,745997.8047289
2015-11-23,696685.460932,Monday,11,2015,4,23,0,0,1015844.2849005,716508.7092174999,683644.901987,859950.710621,732146.6124764142,727093.9332375358,758557.92735225
2015-11-24,612710.200935,Tuesday,11,2015,4,24,1,0,696685.460932,618919.988059,623529.1790699,1018783.141953,729314.7198642,728025.401733607,753115.7523626166
2015-11-25,658917.83013,Wednesday,11,2015,4,25,2,0,612710.200935,683954.18795,689746.212316,649914.352338,728427.6074179142,727252.6175811143,739579.9876620166
2015-11-26,530358.330027,Thursday,11,2015,4,26,3,0,658917.83013,560452.567301,506937.6640027,587066.101075,724850.9848721998,725050.5902821142,739880.1035884166
2015-11-27,645087.0350447,Friday,11,2015,4,27,4,0,530358.330027,665619.668251,626674.025055,599388.1222552,720551.8081187715,726723.4949981357,737989.8445534834
2015-11-28,850596.003884,Saturday,11,2015,4,28,5,1,645087.0350447,863726.8816559,867597.332909,511860.0689186,717618.5748035858,728038.7099974,739513.1416464667
2015-11-29,1070619.802932,Sunday,11,2015,4,29,6,1,850596.003884,1015844.2849005,1056159.462651,635875.8911987,715742.7351218857,726824.3293527571,750804.3394786468
2015-11-30,762036.1239965,Monday,11,2015,4,30,0,0,1070619.802932,696685.460932,716508.7092174999,915956.851878,723567.8091263856,727857.2108014,765295.80320309
2015-12-01,857620.9426407,Tuesday,12,2015,4,1,1,0,762036.1239965,612710.200935,618919.988059,819250.388037,732903.6181356001,731109.1689999001,760165.1122737067
2015-12-02,867269.57584,Wednesday,12,2015,4,2,2,0,857620.9426407,658917.83013,683954.18795,762549.794932,767890.8669507,748159.2371843072,761444.1307604967
2015-12-03,676883.031992,Thursday,12,2015,4,3,3,0,867269.57584,530358.330027,560452.567301,1033439.132986,797655.4020521286,761253.1934621643,764934.7901240967
2015-12-04,749354.1319635,Friday,12,2015,4,4,4,0,676883.031992,645087.0350447,665619.668251,855494.43996,818587.5023328428,769569.6552258071,753049.58675763
2015-12-05,966202.367876,Saturday,12,2015,4,5,5,1,749354.1319635,850596.003884,863726.8816559,649662.670907,833482.8018926715,775550.6883481286,749511.57649108
2015-12-06,1143119.31945,Sunday,12,2015,4,6,6,1,966202.367876,1070619.802932,1015844.2849005,671145.788057,849997.9967486715,782870.3659352785,760062.8997233801
2015-12-07,822334.708983,Monday,12,2015,4,7,0,0,1143119.31945,762036.1239965,696685.460932,929723.344157,860355.0705369572,791961.4398316714,775795.3507698133
2015-12-08,712569.16983,Tuesday,12,2015,4,8,1,0,822334.708983,857620.9426407,612710.200935,1077361.9559685,868969.154106457,800936.3861210287,772215.7295973466
2015-12-09,747893.782087,Wednesday,12,2015,4,9,2,0,712569.16983,867269.57584,658917.83013,683644.901987,848247.4722763571,808069.1696135286,760055.9700593967
2015-12-10,657427.1785246,Thursday,12,2015,4,10,3,0,747893.782087,676883.031992,530358.330027,623529.1790699,831193.7874545,814424.5947533144,762197.5993960632
2015-12-11,708392.807819,Friday,12,2015,4,11,4,0,657427.1785246,749354.1319635,645087.0350447,689746.212316,828414.3798163001,823500.9410745715,763327.5327112201
2015-12-12,915667.884291,Saturday,12,2015,4,12,5,1,708392.807819,966202.367876,850596.003884,506937.6640027,822562.7620813714,828022.7819870214,763949.0858946533
2015-12-13,1059425.4213405,Sunday,12,2015,4,13,6,1,915667.884291,1143119.31945,1070619.802932,626674.025055,815343.5501406572,832670.7734446644,777573.4265709299
2015-12-14,811613.7221567,Monday,12,2015,4,14,0,0,1059425.4213405,822334.708983,762036.1239965,867597.332909,803387.2789821571,831871.1747595572,791998.47311378
2015-12-15,779809.953397,Tuesday,12,2015,4,15,1,0,811613.7221567,712569.16983,857620.9426407,1056159.462651,801855.7094355429,835412.4317709999,790132.35275537
2015-12-16,859930.249129,Wednesday,12,2015,4,16,2,0,779809.953397,747893.782087,867269.57584,716508.7092174999,811461.5356593999,829854.5039678785,780920.7024469035
2015-12-17,809809.748717,Thursday,12,2015,4,17,3,0,859930.249129,657427.1785246,676883.031992,618919.988059,827466.7452368286,829330.2663456642,785701.4204439534
2015-12-18,893569.902701,Friday,12,2015,4,18,4,0,809809.748717,708392.807819,749354.1319635,683954.18795,849235.6838357429,838825.0318260214,792064.4124658867
2015-12-19,1095523.5178683,Saturday,12,2015,4,19,5,1,893569.902701,915667.884291,966202.367876,560452.567301,875689.5545331715,849126.1583072713,799051.6029575865
2015-12-20,1175416.9636673,Sunday,12,2015,4,20,6,1,1095523.5178683,1059425.4213405,1143119.31945,665619.668251,901383.2164727857,858363.3833067215,816887.30130983
2015-12-21,1072887.476889,Monday,12,2015,4,21,0,0,1175416.9636673,811613.7221567,822334.708983,863726.8816559,917953.4368051857,860670.3578936715,833880.5444903733
2015-12-22,1141861.90926,Tuesday,12,2015,4,22,1,0,1072887.476889,779809.953397,712569.16983,1015844.2849005,955278.2589098,878566.9841726713,840852.5643314767
2015-12-23,1196146.056374,Wednesday,12,2015,4,23,2,0,1141861.90926,859930.249129,747893.782087,696685.460932,1006999.9668902286,909230.7512748142,845053.1518101267
2015-12-24,1083680.315238,Thursday,12,2015,4,24,3,0,1196146.056374,809809.748717,657427.1785246,612710.200935,1055030.7964966572,941248.7708667429,861701.83832486
2015-12-26,946725.190766,Saturday,12,2015,4,26,5,1,1083680.315238,893569.902701,708392.807819,658917.83013,1094155.1631425142,971695.4234891285,877400.84213496
2015-12-27,837714.129168,Sunday,12,2015,4,27,6,1,946725.190766,1095523.5178683,915667.884291,530358.330027,1101748.7757232285,988719.1651282,886994.4208228268
2015-12-28,789684.9127821,Monday,12,2015,4,28,0,0,837714.129168,1175416.9636673,1059425.4213405,645087.0350447,1064918.863051757,983151.0397622713,897239.6141275265
2015-12-29,870762.025758,Tuesday,12,2015,4,29,1,0,789684.9127821,1072887.476889,811613.7221567,850596.003884,1009814.2843538712,963883.8605795286,902059.54338544
2015-12-30,1030043.735764,Wednesday,12,2015,4,30,2,0,870762.025758,1141861.90926,779809.953397,1070619.802932,980939.2199065856,968108.7394081929,902731.7441145733
2015-12-31,964641.5415009999,Thursday,12,2015,4,31,3,0,1030043.735764,1196146.056374,859930.249129,762036.1239965,964965.1951214429,985982.5810058358,901379.2085423066
2016-01-01,16433.394,Friday,1,2016,1,1,4,0,964641.5415009999,1083680.315238,809809.748717,857620.9426407,931893.1215681571,993461.9590324071,908132.7224591232
2016-01-02,1066677.424862,Saturday,1,2016,1,2,5,1,16433.394,946725.190766,893569.902701,867269.57584,779429.2756770143,936792.2194097644,880093.1375044334
2016-01-03,1226735.719895,Sunday,1,2016,1,3,6,1,1066677.424862,837714.129168,1095523.5178683,676883.031992,796565.3091192999,949157.0424212643,886740.0658051666
2016-01-04,955956.875097,Monday,1,2016,1,4,0,0,1226735.719895,789684.9127821,1175416.9636673,749354.1319635,852139.8220803001,958529.3425660285,905068.4887352666
2016-01-05,835320.439089,Tuesday,1,2016,1,5,1,0,955956.875097,870762.025758,1072887.476889,966202.367876,875892.9595538572,942853.6219538643,911955.2468397167
2016-01-06,821685.655923,Wednesday,1,2016,1,6,2,0,835320.439089,1030043.735764,1141861.90926,1143119.31945,870829.8757440001,925884.5478252929,907592.51588015
2016-01-07,653504.3669428,Thursday,1,2016,1,7,3,0,821685.655923,964641.5415009999,1196146.056374,822334.708983,841064.4357667143,903014.8154440785,896878.0604292501
2016-01-08,713608.3341557,Friday,1,2016,1,8,4,0,653504.3669428,16433.394,1083680.315238,712569.16983,796616.2679726856,864254.6947704213,891250.3823612434
2016-01-09,989209.458148,Saturday,1,2016,1,9,5,1,713608.3341557,1066677.424862,946725.190766,747893.782087,896212.6879949284,837820.9818359715,891285.0211721
2016-01-10,1094693.83696,Sunday,1,2016,1,10,6,1,989209.458148,1226735.719895,837714.129168,657427.1785246,885145.8356072145,840855.5723632572,899328.8770407999
2016-01-11,705495.240963,Monday,1,2016,1,11,0,0,1094693.83696,955956.875097,789684.9127821,708392.807819,866282.7094736429,859211.2657769715,913904.43232198
2016-01-12,647058.461085,Tuesday,1,2016,1,12,1,0,705495.240963,835320.439089,870762.025758,915667.884291,830502.4760259286,853197.7177898929,913807.8467601134
2016-01-13,660045.317135,Wednesday,1,2016,1,13,2,0,647058.461085,821685.655923,1030043.735764,1059425.4213405,803607.9077396428,837218.8917418214,904854.1993199134
2016-01-14,561972.62307,Thursday,1,2016,1,14,3,0,660045.317135,653504.3669428,964641.5415009999,811613.7221567,780516.4307699286,810790.4332683214,891541.52917973
2016-01-15,671027.100027,Friday,1,2016,1,15,4,0,561972.62307,713608.3341557,16433.394,779809.953397,767440.4673595285,782028.3676661073,883220.1592101734
2016-01-16,959827.146436,Saturday,1,2016,1,16,5,1,671027.100027,989209.458148,1066677.424862,859930.249129,761357.4339125715,828785.0609537499,879594.06409784
2016-01-17,1057997.343303,Sunday,1,2016,1,17,6,1,959827.146436,1094693.83696,1226735.719895,809809.748717,757159.960810857,821152.8982090356,882923.96067474
2016-01-18,709784.229951,Monday,1,2016,1,18,0,0,1057997.343303,705495.240963,955956.875097,893569.902701,751917.6045741428,809100.1570238929,891196.8804942734
2016-01-19,630929.75099,Tuesday,1,2016,1,19,1,0,709784.229951,647058.461085,835320.439089,1095523.5178683,752530.3172867142,791516.3966563214,885070.6914026067
2016-01-20,738744.013045,Wednesday,1,2016,1,20,2,0,630929.75099,660045.317135,821685.655923,1175416.9636673,750226.2158445714,776917.0617921071,869584.2325066632
2016-01-21,552820.7690359,Thursday,1,2016,1,21,3,0,738744.013045,561972.62307,653504.3669428,1072887.476889,761468.8866888571,770992.6587293928,855028.46748592
2016-01-22,648431.428037,Friday,1,2016,1,22,4,0,552820.7690359,671027.100027,713608.3341557,1141861.90926,760161.4789696999,763800.9731646142,837692.9105574832
2016-01-23,906754.833923,Saturday,1,2016,1,23,5,1,648431.428037,959827.146436,989209.458148,1196146.056374,756933.5258282715,759145.4798704215,821245.22785005
2016-01-24,980927.7570135,Sunday,1,2016,1,24,6,1,906754.833923,1057997.343303,1094693.83696,1083680.315238,749351.766897843,753255.8638543499,811598.8537683501
2016-01-25,658090.687097,Monday,1,2016,1,25,0,0,980927.7570135,709784.229951,705495.240963,946725.190766,738341.8259993428,745129.7152867429,808173.7684942001
2016-01-26,609465.787904,Tuesday,1,2016,1,26,1,0,658090.687097,630929.75099,647058.461085,837714.129168,730957.0341630571,741743.6757248857,798552.6183718999
2016-01-27,647254.67807,Wednesday,1,2016,1,27,2,0,609465.787904,738744.013045,660045.317135,789684.9127821,727890.7537222,739058.4847833858,790944.3403297667
2016-01-28,533709.8489592,Thursday,1,2016,1,28,3,0,647254.67807,552820.7690359,561972.62307,870762.025758,714820.8487257715,738144.8677073142,786196.6658393632
2016-01-29,660492.758086,Friday,1,2016,1,29,4,0,533709.8489592,648431.428037,671027.100027,1030043.735764,712090.717286243,736126.0981279714,774961.5932794033
2016-01-30,969938.376831,Saturday,1,2016,1,30,5,1,660492.758086,906754.833923,959827.146436,964641.5415009999,713813.7644360999,735373.6451321857,762643.2273568033
2016-01-31,1093211.2294,Sunday,1,2016,1,31,6,1,969938.376831,980927.7570135,1057997.343303,16433.394,722839.9848515287,736095.8758746858,762819.78853447
2016-02-01,872063.3148838,Monday,2,2016,1,1,0,0,1093211.2294,658090.687097,709784.229951,1066677.424862,738880.4809067427,738611.1534530428,798712.3830478032
2016-02-02,765233.207779,Tuesday,2,2016,1,2,1,0,872063.3148838,609465.787904,630929.75099,1226735.719895,769447.9991619999,750202.5166625286,792225.2460485301
2016-02-03,772360.939004,Wednesday,2,2016,1,3,2,0,765233.207779,647254.67807,738744.013045,955956.875097,791700.4877155714,759795.6207188858,776841.8289779966
2016-02-04,650328.166941,Thursday,2,2016,1,4,3,0,772360.939004,533709.8489592,552820.7690359,835320.439089,809572.8107061429,762196.8297159572,770721.9644415634
2016-02-05,768586.5079877,Friday,2,2016,1,5,4,0,650328.166941,660492.758086,648431.428037,821685.655923,826232.5704178285,769161.6438520357,764555.5553699634
2016-02-06,941954.07605,Saturday,2,2016,1,6,5,1,768586.5079877,969938.376831,906754.833923,653504.3669428,841674.5346895,777744.1495628001,762785.58377212
2016-02-07,697791.630994,Sunday,2,2016,1,7,6,1,941954.07605,1093211.2294,980927.7570135,713608.3341557,837676.7774350715,780258.3811433,772400.5740756934
2016-02-08,636542.677274,Monday,2,2016,1,8,0,0,697791.630994,872063.3148838,658090.687097,989209.458148,781188.2633770715,760034.3721419071,771873.35063697
2016-02-09,746939.64016,Tuesday,2,2016,1,9,1,0,636542.677274,765233.207779,609465.787904,1094693.83696,747542.4580042429,758495.2285831214,760117.7912745032
2016-02-10,790988.713851,Wednesday,2,2016,1,10,2,0,746939.64016,772360.939004,647254.67807,705495.240963,744929.0912015286,768314.7894585499,748525.9847145033
2016-02-11,646376.371075,Thursday,2,2016,1,11,3,0,790988.713851,650328.166941,533709.8489592,647058.461085,747590.2018939572,778581.50630005,751375.7671441032
2016-02-12,698152.0698755,Friday,2,2016,1,12,4,0,646376.371075,768586.5079877,660492.758086,660045.317135,747025.6596273857,786629.1150226071,751353.0308104366
2016-02-13,859023.0269945,Saturday,2,2016,1,13,5,1,698152.0698755,941954.07605,969938.376831,561972.62307,736963.5970399285,789319.0658647142,752623.2559017867
2016-02-14,940214.498527,Sunday,2,2016,1,14,6,1,859023.0269945,697791.630994,1093211.2294,671027.100027,725116.3043177143,781396.5408763929,762524.9360326033
2016-02-15,746671.290005,Monday,2,2016,1,15,0,0,940214.498527,636542.677274,872063.3148838,959827.146436,759748.1425367143,770468.2029568928,771497.8493159366
2016-02-16,719111.88609,Tuesday,2,2016,1,16,1,0,746671.290005,746939.64016,765233.207779,1057997.343303,775480.8014982857,761511.6297512642,764392.65410157
2016-02-17,723794.722013,Wednesday,2,2016,1,17,2,0,719111.88609,790988.713851,772360.939004,709784.229951,771505.4080597144,758217.2496306215,753096.47219447
2016-02-18,570072.678149,Thursday,2,2016,1,18,3,0,723794.722013,646376.371075,650328.166941,630929.75099,761906.2663685714,754748.2341312643,753563.4885965367
2016-02-19,672510.133621,Friday,2,2016,1,19,4,0,570072.678149,698152.0698755,768586.5079877,738744.013045,751005.7388077143,749015.6992175501,751534.9195018368
2016-02-20,883790.2212395,Saturday,2,2016,1,20,5,1,672510.133621,859023.0269945,941954.07605,552820.7690359,747342.6050570715,742153.1010485,749327.1235210367
2016-02-21,991384.2700283,Sunday,2,2016,1,21,6,1,883790.2212395,940214.498527,697791.630994,648431.428037,750880.7756635,737998.5399906071,760359.43859449
2016-02-22,698907.63622,Monday,2,2016,1,22,0,0,991384.2700283,746671.290005,636542.677274,906754.833923,758190.7430208286,758969.4427787715,771791.1999942
2016-02-23,641329.0610941,Tuesday,2,2016,1,23,1,0,698907.63622,719111.88609,746939.64016,980927.7570135,751367.3639086857,763424.0827034857,764862.9600707666
2016-02-24,675573.377814,Wednesday,2,2016,1,24,2,0,641329.0610941,723794.722013,790988.713851,658090.687097,740255.5317664143,755880.4699130643,753543.0035401199
2016-02-25,557959.327812,Thursday,2,2016,1,25,3,0,675573.377814,570072.678149,646376.371075,609465.787904,733366.7683094144,747636.5173389929,754125.7598973534
2016-02-26,641922.8016649,Friday,2,2016,1,26,4,0,557959.327812,672510.133621,698152.0698755,647254.67807,731636.2896898427,741321.0142487785,752408.8778942865
2016-02-27,916704.068729,Saturday,2,2016,1,27,5,1,641922.8016649,883790.2212395,859023.0269945,533709.8489592,727266.6708389714,737304.6379480214,752231.1486807833
2016-02-28,994502.727301,Sunday,2,2016,1,28,6,1,916704.068729,991384.2700283,940214.498527,660492.758086,731968.6490517572,741424.7123576285,764997.62267311
2016-02-29,726619.7578255,Monday,2,2016,1,29,0,0,994502.727301,698907.63622,746671.290005,969938.376831,732414.1429478572,745302.4429843429,776131.2883136101
2016-03-01,897927.643296,Tuesday,3,2016,1,1,1,0,726619.7578255,641329.0610941,719111.88609,1093211.2294,736373.0174629287,743870.1906858071,768020.6676800933
2016-03-02,878452.364907,Wednesday,3,2016,1,2,2,0,897927.643296,675573.377814,723794.722013,872063.3148838,773029.9577774856,756642.74477195,761511.21480996
2016-03-03,671564.7523075,Thursday,3,2016,1,3,3,0,878452.364907,557959.327812,570072.678149,765233.207779,802012.6702193429,767689.7192643787,761724.1831440666
2016-03-04,747546.7958183,Friday,3,2016,1,4,4,0,671564.7523075,641922.8016649,672510.133621,772360.939004,818242.0165758429,774939.1531328429,758601.9012950168
2016-03-05,1028620.677053,Saturday,3,2016,1,5,5,1,747546.7958183,916704.068729,883790.2212395,650328.166941,833331.1585977571,780298.9147183642,757774.7631888266
2016-03-06,1078958.5091855,Sunday,3,2016,1,6,6,1,1028620.677053,994502.727301,991384.2700283,768586.5079877,849319.2455011857,790643.9472764714,770384.5135258933
2016-03-07,738126.524119,Monday,3,2016,1,7,0,0,1078958.5091855,726619.7578255,698907.63622,941954.07605,861384.3571989714,796899.2500734142,780730.2468991533
2016-03-08,642291.3448895,Tuesday,3,2016,1,8,1,0,738126.524119,897927.643296,641329.0610941,697791.630994,863028.1809551857,799700.5992090572,773935.99516812
2016-03-09,694645.8489091,Wednesday,3,2016,1,9,2,0,642291.3448895,878452.364907,675573.377814,636542.677274,826508.7097542571,799769.3337658715,772085.9856313034
2016-03-10,572491.856825,Thursday,3,2016,1,10,3,0,694645.8489091,671564.7523075,557959.327812,746939.64016,800250.6360402714,801131.6531298071,774022.75801914
2016-03-11,664893.5129268,Friday,3,2016,1,11,4,0,572491.856825,747546.7958183,641922.8016649,790988.713851,786097.3652570571,802169.69091645,768207.8319079733
2016-03-12,898101.109871,Saturday,3,2016,1,12,5,1,664893.5129268,1028620.677053,916704.068729,646376.371075,774289.7534154142,803810.4560065857,764004.6585438333
2016-03-13,954980.3301475,Sunday,3,2016,1,13,6,1,898101.109871,1078958.5091855,994502.727301,698152.0698755,755644.1009608429,802481.6732310143,772395.4831703666
2016-03-14,668066.393105,Monday,3,2016,1,14,0,0,954980.3301475,738126.524119,726619.7578255,859023.0269945,737932.9325268428,799658.644862907,780956.4251794333
2016-03-15,668186.702459,Tuesday,3,2016,1,15,1,0,668066.393105,642291.3448895,897927.643296,940214.498527,727924.3423819857,795476.2616685856,774591.2040497833
2016-03-16,739805.377693,Wednesday,3,2016,1,16,2,0,668186.702459,694645.8489091,878452.364907,746671.290005,731623.6791776286,779066.1944659428,765523.6108475167
2016-03-17,580452.5319757,Thursday,3,2016,1,17,3,0,739805.377693,572491.856825,671564.7523075,719111.88609,738075.0404324715,769162.8382363714,765294.7471037834
2016-03-18,666756.8191527,Friday,3,2016,1,18,4,0,580452.5319757,664893.5129268,747546.7958183,723794.722013,739212.2797397143,762654.8224983857,760672.7686333066
2016-03-19,895038.512068,Saturday,3,2016,1,19,5,1,666756.8191527,898101.109871,1028620.677053,570072.678149,739478.4663434143,756884.1098794143,758771.50520463
2016-03-20,929605.582019,Sunday,3,2016,1,20,6,1,895038.512068,954980.3301475,1078958.5091855,672510.133621,739040.9523715572,747342.5266661999,769603.6996685967
2016-03-21,690469.800941,Monday,3,2016,1,21,0,0,929605.582019,668066.393105,738126.524119,883790.2212395,735415.9883532,736674.4604400216,778173.5479485301
2016-03-22,622695.8369947,Tuesday,3,2016,1,22,1,0,690469.800941,668186.702459,642291.3448895,991384.2700283,738616.4751869142,733270.40878445,771729.53393858
2016-03-23,714881.17408,Wednesday,3,2016,1,23,2,0,622695.8369947,739805.377693,694645.8489091,698907.63622,732117.7801205857,731870.7296491072,759439.9195041267
2016-03-24,660489.8450025,Thursday,3,2016,1,24,3,0,714881.17408,580452.5319757,572491.856825,641329.0610941,728557.1796044429,733316.1100184572,759972.3707661267
2016-03-25,633524.200062,Friday,3,2016,1,25,4,0,660489.8450025,666756.8191527,664893.5129268,675573.377814,739991.0814654144,739601.6806025644,760611.0635630734
2016-03-26,800133.5174955,Saturday,3,2016,1,26,5,1,633524.200062,895038.512068,898101.109871,557959.327812,735243.5644524571,737361.0153979358,759209.4243046733
2016-03-27,833336.064862,Sunday,3,2016,1,27,6,1,800133.5174955,929605.582019,954980.3301475,641922.8016649,721685.7080849571,730363.3302282571,767281.8972941233
2016-03-28,661057.8656583,Monday,3,2016,1,28,0,0,833336.064862,690469.800941,668066.393105,916704.068729,707932.9199196715,721674.4541364356,773662.3394006934
2016-03-29,621166.0630926,Tuesday,3,2016,1,29,1,0,661057.8656583,622695.8369947,668186.702459,994502.727301,703731.2148792858,721173.8450331,765140.7992983366
2016-03-30,660138.988943,Wednesday,3,2016,1,30,2,0,621166.0630926,714881.17408,739805.377693,726619.7578255,703512.6757504143,717815.2279355001,752696.2438247233
2016-03-31,617374.3379607,Thursday,3,2016,1,31,3,0,660138.988943,660489.8450025,580452.5319757,897927.643296,695692.3635879857,712124.7715962142,750480.2181953066
2016-04-01,872467.320075,Friday,4,2016,2,1,4,0,617374.3379607,633524.200062,666756.8191527,878452.364907,689533.005439157,714762.0434522858,741128.4413507967
2016-04-02,1150824.580929,Saturday,4,2016,2,2,5,1,872467.320075,800133.5174955,895038.512068,671564.7523075,723667.7368695857,729455.6506610215,740928.9398563968
2016-04-03,1266908.291001,Sunday,4,2016,2,3,6,1,1150824.580929,833336.064862,929605.582019,747546.7958183,773766.4602172285,747726.0841510929,756904.2674771134
2016-04-04,795237.1920635,Monday,4,2016,2,4,0,0,1266908.291001,661057.8656583,690469.800941,1028620.677053,835705.3496656573,771819.1347926642,774216.3173165367
2016-04-05,725750.101045,Tuesday,4,2016,2,5,1,0,795237.1920635,621166.0630926,622695.8369947,1078958.5091855,854873.8248664001,779302.5198728429,766436.8678168866
2016-04-06,744784.8430795,Wednesday,4,2016,2,6,2,0,725750.101045,660138.988943,714881.17408,738126.524119,869814.4017167428,786663.5387335785,754663.2542122033
2016-04-07,587939.720177,Thursday,4,2016,2,7,3,0,744784.8430795,617374.3379607,660489.8450025,642291.3448895,881906.6665933857,788799.5150906857,754885.1981775534
2016-04-08,689727.1961377,Friday,4,2016,2,8,4,0,587939.720177,872467.320075,633524.200062,694645.8489091,877701.7211957143,783617.3633174357,753073.4773538033
2016-04-09,927981.389244,Saturday,4,2016,2,9,5,1,689727.1961377,1150824.580929,800133.5174955,572491.856825,851595.9892046715,787631.8630371287,752909.5222614234
2016-04-10,1008876.737901,Sunday,4,2016,2,10,6,1,927981.389244,1266908.291001,833336.064862,664893.5129268,819761.2475353858,796763.8538763073,764759.1733420567
2016-04-11,665348.963943,Monday,4,2016,2,11,0,0,1008876.737901,795237.1920635,661057.8656583,898101.109871,782899.5970925286,809302.473379093,776225.2808411967
2016-04-12,651657.0342615,Tuesday,4,2016,2,12,1,0,665348.963943,725750.101045,621166.0630926,954980.3301475,764344.135932457,809608.9803994286,768466.87597693
2016-04-13,672611.48105,Wednesday,4,2016,2,13,2,0,651657.0342615,744784.8430795,660138.988943,668066.393105,753759.4121062428,811786.9069114929,758356.0994473967
2016-04-14,546785.2089455,Thursday,4,2016,2,14,3,0,672611.48105,587939.720177,617374.3379607,668186.702459,743448.9318163143,812677.79920485,758507.6023788967
2016-04-15,667606.299867,Friday,4,2016,2,15,4,0,546785.2089455,689727.1961377,872467.320075,739805.377693,737569.7159260999,807635.7185609071,754460.8859284467
2016-04-16,862121.492036,Saturday,4,2016,2,16,5,1,667606.299867,927981.389244,1150824.580929,580452.5319757,734409.5878874285,793002.78854605,752054.2500009133
2016-04-17,1271833.739255,Sunday,4,2016,2,17,6,1,862121.492036,1008876.737901,1266908.291001,666756.8191527,725001.0311434286,772381.1393394071,761443.2153362568
2016-04-18,1345920.6048929,Monday,4,2016,2,18,0,0,1271833.739255,665348.963943,795237.1920635,895038.512068,762566.3170511427,772732.9570718358,781612.4460063333
2016-04-19,1152089.208085,Tuesday,4,2016,2,19,1,0,1345920.6048929,651657.0342615,725750.101045,929605.582019,859790.8371868428,812067.4865596499,796641.8491004966
2016-04-20,1062426.2900389,Wednesday,4,2016,2,20,2,0,1152089.208085,672611.48105,744784.8430795,690469.800941,931281.1477330572,842520.27991965,804057.9699693633
2016-04-21,1001079.779168,Thursday,4,2016,2,21,3,0,1062426.2900389,546785.2089455,587939.720177,622695.8369947,986968.9775886142,865208.9547024642,816456.51960596
2016-04-22,857059.24399,Friday,4,2016,2,22,4,0,1001079.779168,667606.299867,689727.1961377,714881.17408,1051868.2019061144,894718.9589161071,829069.3176784033
2016-04-23,1022143.1346499,Saturday,4,2016,2,23,5,1,857059.24399,862121.492036,927981.389244,660489.8450025,1078932.9082093998,906671.2480484142,833808.5866754034
2016-04-24,1039369.932014,Sunday,4,2016,2,24,6,1,1022143.1346499,1271833.739255,1008876.737901,633524.200062,1101793.1428685286,913397.0870059786,845863.6963303166
2016-04-25,680000.753839,Monday,4,2016,2,25,0,0,1039369.932014,1345920.6048929,665348.963943,800133.5174955,1068584.0275483858,915575.1722997642,859391.8873953833
2016-04-26,704799.4182328,Tuesday,4,2016,2,26,1,0,680000.753839,1152089.208085,651657.0342615,833336.064862,973452.6202549714,916621.7287209071,855387.4619401668
2016-04-27,670288.098041,Wednesday,4,2016,2,27,2,0,704799.4182328,1062426.2900389,672611.48105,661057.8656583,909554.0788475142,920417.6132902857,851102.9070525266
2016-04-28,543339.849013,Thursday,4,2016,2,28,3,0,670288.098041,1001079.779168,546785.2089455,621166.0630926,853534.3371335287,920251.6573610714,851410.5814652834
2016-04-29,708711.428894,Friday,4,2016,2,29,4,0,543339.849013,857059.24399,667606.299867,660138.988943,788142.9185399571,920005.5602230357,848816.3743292968
2016-04-30,1067335.770093,Saturday,4,2016,2,30,5,1,708711.428894,1022143.1346499,862121.492036,617374.3379607,766950.3735262429,922941.6408678215,850435.4556609967
2016-05-01,1270121.20756,Sunday,5,2016,2,1,6,1,1067335.770093,1039369.932014,1271833.739255,872467.320075,773406.4643038285,937599.8035861786,865434.1700654067
2016-05-02,973985.670432,Monday,5,2016,2,2,0,0,1270121.20756,680000.753839,1345920.6048929,1150824.580929,806370.9322389715,937477.4798936786,878689.29964824
2016-05-03,792205.5501393001,Tuesday,5,2016,2,3,1,0,973985.670432,704799.4182328,1152089.208085,1266908.291001,848368.7774665428,910910.698860757,872794.6692983399
2016-05-04,798654.4540987,Wednesday,5,2016,2,4,2,0,792205.5501393001,670288.098041,1062426.2900389,795237.1920635,860855.3677389,885204.723293207,856971.2446029499
2016-05-05,648701.6029645,Thursday,5,2016,2,5,3,0,798654.4540987,543339.849013,1001079.779168,725750.101045,879193.4186042856,866363.8778689072,857085.1533374566
2016-05-06,761422.5161262,Friday,5,2016,2,6,4,0,648701.6029645,708711.428894,857059.24399,744784.8430795,894245.0977402142,841194.0081400856,854516.8700681066
2016-05-07,1071192.776983,Saturday,5,2016,2,7,5,1,761422.5161262,1067335.770093,1022143.1346499,587939.720177,901775.2530591,834362.8132926713,855071.4591696633
2016-05-08,820824.6380683,Sunday,5,2016,2,8,6,1,1071192.776983,1270121.20756,1039369.932014,689727.1961377,902326.2540433856,837866.3591736071,871179.89439653
2016-05-09,771767.6541339,Monday,5,2016,2,9,0,0,820824.6380683,973985.670432,680000.753839,927981.389244,838141.0298302857,822255.9810346285,875549.80912755
2016-05-10,693010.486981,Tuesday,5,2016,2,10,1,0,771767.6541339,792205.5501393001,704799.4182328,1008876.737901,809252.7417877001,828810.7596271215,870342.68462388
2016-05-11,727543.4630335,Wednesday,5,2016,2,11,2,0,693010.486981,798654.4540987,670288.098041,665348.963943,795082.0184793714,827968.6931091357,859813.8095932134
2016-05-12,603394.2070997,Thursday,5,2016,2,12,3,0,727543.4630335,648701.6029645,543339.849013,651657.0342615,784923.3054700572,832058.3620371715,861886.9595628966
2016-05-13,666833.8999414,Friday,5,2016,2,13,4,0,603394.2070997,761422.5161262,708711.428894,672611.48105,778450.8203465143,836347.9590433642,860278.1986575034
2016-05-14,932869.5212631,Saturday,5,2016,2,14,5,1,666833.8999414,1071192.776983,1067335.770093,546785.2089455,764938.1608915429,833356.7069753214,860085.61262055
2016-05-15,1070331.66738,Sunday,5,2016,2,15,6,1,932869.5212631,820824.6380683,1270121.20756,667606.299867,745177.6957887001,823751.9749160428,872955.0896978033
2016-05-16,748112.686851,Monday,5,2016,2,16,0,0,1070331.66738,771767.6541339,973985.670432,862121.492036,780821.5571189428,809481.2934746144,886379.2686149033
2016-05-17,661930.83884,Tuesday,5,2016,2,17,1,0,748112.686851,693010.486981,792205.5501393001,1271833.739255,777442.2760785286,793347.5089331141,882578.9751087367
2016-05-18,671232.9593407,Wednesday,5,2016,2,18,2,0,661930.83884,727543.4630335,798654.4540987,1345920.6048929,773002.3263441,784042.1724117358,862248.8784282367
2016-05-19,581470.5602065,Thursday,5,2016,2,19,3,0,671232.9593407,603394.2070997,648701.6029645,1152089.208085,764957.9686736999,774940.6370718786,839759.2902431634
2016-05-20,706024.0579254,Friday,5,2016,2,20,4,0,581470.5602065,666833.8999414,761422.5161262,1062426.2900389,761826.0191175286,770138.4197320214,820738.6686472133
2016-05-21,910757.16309,Saturday,5,2016,2,21,5,1,706024.0579254,932869.5212631,1071192.776983,1001079.779168,767424.6131152428,766181.3870033929,808858.5942434301
2016-05-22,1030671.62292,Sunday,5,2016,2,22,6,1,910757.16309,1070331.66738,820824.6380683,857059.24399,764265.7048047999,754721.7002967501,805847.8403741632
2016-05-23,695004.681298,Monday,5,2016,2,23,0,0,1030671.62292,748112.686851,771767.6541339,1022143.1346499,758599.9841676571,769710.7706433,811634.9196718299
2016-05-24,606377.2052165,Tuesday,5,2016,2,24,1,0,695004.681298,661930.83884,693010.486981,1039369.932014,751013.1262315143,764227.7011550214,800730.3045601001
2016-05-25,637512.038734,Wednesday,5,2016,2,25,2,0,606377.2052165,671232.9593407,727543.4630335,680000.753839,743076.8928567285,758039.6096004143,786297.21366685
2016-05-26,571968.623123,Thursday,5,2016,2,26,3,0,637512.038734,581470.5602065,603394.2070997,704799.4182328,738259.6184843428,751608.7935790214,784880.92316335
2016-05-27,852689.219312,Friday,5,2016,2,27,4,0,571968.623123,706024.0579254,666833.8999414,670288.098041,736902.1989009858,749364.1090092573,780453.2299930233
2016-05-28,816187.2200643,Saturday,5,2016,2,28,5,1,852689.219312,910757.16309,932869.5212631,543339.849013,757854.364813357,762639.4889642999,786533.2673687233
2016-05-29,959853.658039,Sunday,5,2016,2,29,6,1,816187.2200643,1030671.62292,1070331.66738,708711.428894,744344.3729525428,754305.0388786715,795628.1797370999
2016-05-30,752452.419172,Monday,5,2016,2,30,0,0,959853.658039,695004.681298,748112.686851,1067335.770093,734227.5208266856,746413.7524971714,803999.5873752666
2016-05-31,974327.9898907,Tuesday,5,2016,2,31,1,0,752452.419172,606377.2052165,661930.83884,1270121.20756,742434.3405229714,746723.7333772428,793503.4756778999
2016-06-01,811525.320315,Wednesday,6,2016,2,1,2,0,974327.9898907,637512.038734,671232.9593407,973985.670432,794998.7383335715,769037.81559515,783643.70175559
2016-06-02,694535.9356793,Thursday,6,2016,2,2,3,0,811525.320315,571968.623123,581470.5602065,792205.5501393001,819857.7785594285,779058.6985218858,778228.3567516899
2016-06-03,742363.085208,Friday,6,2016,2,3,4,0,694535.9356793,852689.219312,706024.0579254,798654.4540987,837367.3946389,787134.796769943,774972.7029363568
2016-06-04,1011996.61607,Saturday,6,2016,2,4,5,1,742363.085208,816187.2200643,910757.16309,648701.6029645,821606.5183383286,789730.4415758428,773096.3239733333
2016-06-05,1123734.4361,Sunday,6,2016,2,5,6,1,1011996.61607,959853.658039,1030671.62292,761422.5161262,849579.2891962858,796961.8310744142,785206.1577435167
2016-06-06,729894.222866,Monday,6,2016,2,6,0,0,1123734.4361,752452.419172,695004.681298,1071192.776983,872990.8289192858,803609.1748729858,797283.2217426434
2016-06-07,658714.653306,Tuesday,6,2016,2,7,1,0,729894.222866,974327.9898907,606377.2052165,820824.6380683,869768.229447,806101.2849849856,785906.6032720767
2016-06-08,696747.5498651,Wednesday,6,2016,2,8,2,0,658714.653306,811525.320315,637512.038734,771767.6541339,824680.6099349,809839.6741342358,780502.9371133334
2016-06-09,547139.6129411,Thursday,6,2016,2,9,3,0,696747.5498651,694535.9356793,571968.623123,693010.486981,808283.7855849144,814070.7820721715,778002.26697104
2016-06-10,637354.31962,Friday,6,2016,2,10,4,0,547139.6129411,742363.085208,852689.219312,727543.4630335,787227.1680508858,812297.2813448928,773139.9045030434
2016-06-11,845838.2061645,Saturday,6,2016,2,11,5,1,637354.31962,1011996.61607,816187.2200643,603394.2070997,772225.9158240285,796916.2170811786,770133.5997225933
2016-06-12,947479.764963,Sunday,6,2016,2,12,6,1,845838.2061645,1123734.4361,959853.658039,666833.8999414,748489.0001232428,799034.1446597644,778215.0663580868
2016-06-13,685382.193062,Monday,6,2016,2,13,0,0,947479.764963,729894.222866,752452.419172,932869.5212631,723309.7613893857,798150.2951543357,787569.9285254733
2016-06-14,622267.7731045,Tuesday,6,2016,2,14,1,0,685382.193062,658714.653306,974327.9898907,1070331.66738,716950.8999888144,793359.5647179072,779320.35091877
2016-06-15,708327.6370845,Wednesday,6,2016,2,15,2,0,622267.7731045,696747.5498651,811525.320315,748112.686851,711744.2028171716,768212.4063760358,764384.8877762533
2016-06-16,620526.243001,Thursday,6,2016,2,16,3,0,708327.6370845,547139.6129411,694535.9356793,661930.83884,713398.5009913715,760841.1432881429,763058.7194507034
2016-06-17,737897.438279,Friday,6,2016,2,17,4,0,620526.243001,637354.31962,742363.085208,671232.9593407,723882.3052856429,755554.7366682643,761678.56625607
2016-06-18,972971.109711,Saturday,6,2016,2,18,5,1,737897.438279,845838.2061645,1011996.61607,581470.5602065,738245.6079512143,755235.7618876214,763900.7155540134
2016-06-19,837363.023871,Sunday,6,2016,2,19,6,1,972971.109711,947479.764963,1123734.4361,706024.0579254,756407.451315,752448.2257191214,776950.73387083
2016-06-20,735754.3648971,Monday,6,2016,2,20,0,0,837363.023871,685382.193062,729894.222866,910757.16309,740676.4883018571,731993.1248456214,781328.6994023499
2016-06-21,679248.0220203,Tuesday,6,2016,2,21,1,0,735754.3648971,622267.7731045,658714.653306,1030671.62292,747872.5128497287,732411.7064192715,775495.27279592
2016-06-22,677730.6512057,Wednesday,6,2016,2,22,2,0,679248.0220203,708327.6370845,696747.5498651,695004.681298,756012.5484091287,733878.3756131501,763781.15276593
2016-06-23,559653.337429,Thursday,6,2016,2,23,3,0,677730.6512057,620526.243001,547139.6129411,606377.2052165,751641.5504264429,732520.0257089072,763205.3517628533
2016-06-24,641812.675912,Friday,6,2016,2,24,4,0,559653.337429,737897.438279,637354.31962,637512.038734,742945.4210590143,733413.8631723284,761647.88950327
2016-06-25,860296.8349625,Saturday,6,2016,2,25,5,1,641812.675912,972971.109711,845838.2061645,571968.623123,729219.0264351573,733732.3171931858,761791.24407587
2016-06-26,954344.666933,Sunday,6,2016,2,26,6,1,860296.8349625,837363.023871,947479.764963,852689.219312,713122.7014710857,734765.0763930428,771402.18447052
2016-06-27,684735.608995,Monday,6,2016,2,27,0,0,954344.666933,735754.3648971,685382.193062,816187.2200643,729834.3647656571,735255.4265337571,774790.69939122
2016-06-28,596948.934953,Tuesday,6,2016,2,28,1,0,684735.608995,679248.0220203,622267.7731045,959853.658039,722545.9710653571,735209.2419575428,770408.9790222434
2016-06-29,632489.476942,Wednesday,6,2016,2,29,2,0,596948.934953,677730.6512057,708327.6370845,752452.419172,710788.9586271715,733400.7535181501,758312.1549193766
2016-06-30,554144.864923,Thursday,6,2016,2,30,3,0,632489.476942,559653.337429,620526.243001,974327.9898907,704325.9337323571,727983.7420793999,754313.3901783767
2016-07-01,857027.5539605,Friday,7,2016,3,1,4,0,554144.864923,641812.675912,737897.438279,811525.320315,703539.0090886429,723242.2150738286,740307.2860127867
2016-07-02,1078485.141848,Saturday,7,2016,3,2,5,1,857027.5539605,860296.8349625,972971.109711,694535.9356793,734283.9916669999,731751.5090510786,741824.0271343034
2016-07-03,1126713.707945,Sunday,7,2016,3,3,6,1,1078485.141848,954344.666933,837363.023871,742363.085208,765453.7497934999,739288.2256322929,754622.3340065932
2016-07-04,850891.598845,Monday,7,2016,3,4,0,0,1126713.707945,684735.608995,735754.3648971,1011996.61607,790077.8985095,759956.1316375786,767434.0214311599
2016-07-05,728011.558041,Tuesday,7,2016,3,5,1,0,850891.598845,596948.934953,679248.0220203,1123734.4361,813814.4684880715,768180.2197767142,762063.8541903268
2016-07-06,752110.940641,Wednesday,7,2016,3,6,2,0,728011.558041,632489.476942,677730.6512057,729894.222866,832537.7003577857,771663.3294924786,748873.0915883599
2016-07-07,591702.7820185,Thursday,7,2016,3,7,3,0,752110.940641,554144.864923,559653.337429,658714.653306,849626.4808862143,776976.2073092858,749613.6488475266
2016-07-08,688563.400224,Friday,7,2016,3,8,4,0,591702.7820185,857027.5539605,641812.675912,696747.5498651,854991.8976141429,779265.453351393,747379.9198046101
2016-07-09,868259.9708787,Saturday,7,2016,3,9,5,1,688563.400224,1078485.141848,860296.8349625,547139.6129411,830925.5899375,782604.7908022499,747107.1148165732
2016-07-10,932486.3001359,Sunday,7,2016,3,10,6,1,868259.9708787,1126713.707945,954344.666933,637354.31962,800893.4226561714,783173.5862248357,757811.1267478266
2016-07-11,688436.1450485,Monday,7,2016,3,11,0,0,932486.3001359,850891.598845,684735.608995,845838.2061645,773146.6501120143,781612.2743107572,767648.85943169
2016-07-12,627039.780111,Tuesday,7,2016,3,12,1,0,688436.1450485,728011.558041,596948.934953,947479.764963,749938.7281410856,781876.5983145785,762402.1240611565
2016-07-13,642494.4024465,Wednesday,7,2016,3,13,2,0,627039.780111,752110.940641,632489.476942,685382.193062,735514.1884367999,784025.9443972928,751720.7912327567
2016-07-14,535124.328126,Thursday,7,2016,3,14,3,0,642494.4024465,591702.7820185,554144.864923,622267.7731045,719854.6829804428,784740.5819333286,750291.19821224
2016-07-15,675032.4290353,Friday,7,2016,3,15,4,0,535124.328126,688563.400224,857027.5539605,708327.6370845,711772.0467100857,783381.9721621143,747386.4167129567
2016-07-16,887192.885063,Saturday,7,2016,3,16,5,1,675032.4290353,868259.9708787,1078485.141848,620526.243001,709839.0508259858,770382.3203817429,746276.57644465
2016-07-17,932586.6967328,Sunday,7,2016,3,17,6,1,887192.885063,932486.3001359,1126713.707945,737897.438279,712543.7528523143,756718.5877542429,755165.4645133833
2016-07-18,702619.751022,Monday,7,2016,3,18,0,0,932586.6967328,688436.1450485,850891.598845,972971.109711,712558.0952233,742852.3726676571,761655.1064618434
2016-07-19,633176.2922806,Tuesday,7,2016,3,19,1,0,702619.751022,627039.780111,728011.558041,837363.023871,714584.3246480857,732261.5263945857,752643.3945055434
2016-07-20,686848.847004,Wednesday,7,2016,3,20,2,0,633176.2922806,642494.4024465,752110.940641,735754.3648971,715460.9692437428,725487.5788402715,745837.1701191966
2016-07-21,578823.6890245,Thursday,7,2016,3,21,3,0,686848.847004,535124.328126,591702.7820185,679248.0220203,721797.3184662428,720826.000723343,744206.9861894266
2016-07-22,646633.655341,Friday,7,2016,3,22,4,0,578823.6890245,675032.4290353,688563.400224,677730.6512057,728040.0843088857,719906.0655094857,740859.5084229
2016-07-23,822292.472006,Saturday,7,2016,3,23,5,1,646633.655341,887192.885063,868259.9708787,559653.337429,723983.1166382714,716911.0837321287,739822.9418940766
2016-07-24,847867.677942,Sunday,7,2016,3,24,6,1,822292.472006,932586.6967328,932486.3001359,641812.675912,714711.6290587,713627.690955507,748577.57971331
2016-07-25,697383.602092,Monday,7,2016,3,25,0,0,847867.677942,702619.751022,688436.1450485,860296.8349625,702608.9120885857,707583.5036559429,755446.0797809768
2016-07-26,622771.923903,Tuesday,7,2016,3,26,1,0,697383.602092,633176.2922806,627039.780111,954344.666933,701860.8908128714,708222.6077304786,750015.6386852933
2016-07-27,651121.9849837,Wednesday,7,2016,3,27,2,0,622771.923903,686848.847004,642494.4024465,684735.608995,700374.5524732143,707917.7608584786,738963.2139176267
2016-07-28,533256.2493581,Thursday,7,2016,3,28,3,0,651121.9849837,578823.6890245,535124.328126,596948.934953,695270.7150417429,708534.0167539929,737842.7597839166
2016-07-29,669585.8378729,Friday,7,2016,3,29,4,0,533256.2493581,646633.655341,675032.4290353,632489.476942,688761.0808036857,708400.5825562857,735719.6702640866
2016-07-30,910213.871959,Saturday,7,2016,3,30,5,1,669585.8378729,822292.472006,887192.885063,554144.864923,692039.9640225285,708011.5403303999,736956.21562845
2016-07-31,997916.9572141,Sunday,7,2016,3,31,6,1,910213.871959,847867.677942,932586.6967328,857027.5539605,704600.1640158143,709655.8965372571,748825.18252965
2016-08-01,895580.405053,Monday,8,2016,3,1,0,0,997916.9572141,697383.602092,702619.751022,1078485.141848,726035.7753403999,714322.343714493,753521.4959714367
2016-08-02,777592.8388893,Tuesday,8,2016,3,2,1,0,895580.405053,622771.923903,633176.2922806,1126713.707945,754349.6043348286,728105.24757385,747424.6714116033
2016-08-03,779844.8100532,Wednesday,8,2016,3,3,2,0,777592.8388893,651121.9849837,686848.847004,850891.598845,776466.8779043,738420.7151887572,735787.3091097467
2016-08-04,622883.098161,Thursday,8,2016,3,4,3,0,779844.8100532,533256.2493581,578823.6890245,728011.558041,794855.8529142287,745063.2839779856,733419.0828166866
2016-08-05,704092.7391311,Friday,8,2016,3,5,4,0,622883.098161,669585.8378729,646633.655341,752110.940641,807659.6884575001,748210.3846305929,729914.8008206866
2016-08-06,858903.2119025,Saturday,8,2016,3,6,5,1,704092.7391311,910213.871959,822292.472006,591702.7820185,812589.2457801,752314.6049013141,728314.19410369
2016-08-07,904321.436838,Sunday,8,2016,3,7,6,1,858903.2119025,997916.9572141,847867.677942,688563.400224,805259.1514863143,754929.6577510644,737220.8750998232
2016-08-08,715195.5388238,Monday,8,2016,3,8,0,0,904321.436838,895580.405053,697383.602092,868259.9708787,791888.3628611572,758962.0691007785,744412.8096536234
2016-08-09,635538.981035,Tuesday,8,2016,3,9,1,0,715195.5388238,777592.8388893,622771.923903,932486.3001359,766119.0962569857,760234.3502959071,739310.6619184599
2016-08-10,658457.436112,Wednesday,8,2016,3,10,2,0,635538.981035,779844.8100532,651121.9849837,688436.1450485,745825.6879920857,761146.2829481929,729412.41794843
2016-08-11,596729.279945,Thursday,8,2016,3,11,3,0,658457.436112,622883.098161,533256.2493581,627039.780111,728484.6345719142,761670.2437430713,728413.1276505467
2016-08-12,745662.5051491,Friday,8,2016,3,12,4,0,596729.279945,704092.7391311,669585.8378729,642494.4024465,724748.3748267713,766204.0316421358,727402.7776450134
2016-08-13,714905.9190669,Saturday,8,2016,3,13,5,1,745662.5051491,858903.2119025,910213.871959,535124.328126,730686.9128293429,771638.0793047214,730841.7144017667
2016-08-14,761826.1289779,Sunday,8,2016,3,14,6,1,714905.9190669,904321.436838,997916.9572141,675032.4290353,710115.8709956857,757687.511241,736834.4340997967
2016-08-15,720032.299881,Monday,8,2016,3,15,0,0,761826.1289779,715195.5388238,895580.405053,887192.885063,689759.3984442429,740823.8806527,739727.5574312167
2016-08-16,718671.651353,Tuesday,8,2016,3,16,1,0,720032.299881,635538.981035,777592.8388893,932586.6967328,690450.364309557,728284.7302832715,734155.53792515
2016-08-17,725945.703034,Wednesday,8,2016,3,17,2,0,718671.651353,658457.436112,779844.8100532,702619.751022,702326.4600692715,724076.0740306786,727025.0364124901
2016-08-18,577350.5209386,Thursday,8,2016,3,18,3,0,725945.703034,596729.279945,622883.098161,633176.2922806,711967.6410581284,720226.1378150213,727802.5681462233
2016-08-19,678767.115815,Friday,8,2016,3,19,4,0,577350.5209386,745662.5051491,704092.7391311,686848.847004,709199.2469143572,716973.8108705643,725941.7091014901
2016-08-20,828986.33584,Saturday,8,2016,3,20,5,1,678767.115815,714905.9190669,858903.2119025,578823.6890245,699642.7627237715,715164.8377765572,725672.3180618567
2016-08-21,901870.149939,Sunday,8,2016,3,21,6,1,828986.33584,761826.1289779,904321.436838,646633.655341,715939.9651199285,713027.918057807,734011.0729557066
2016-08-22,714866.233843,Monday,8,2016,3,22,0,0,901870.149939,720032.299881,715195.5388238,822292.472006,735946.2538286571,712852.82613645,742518.9561089732
2016-08-23,660819.9779755,Tuesday,8,2016,3,23,1,0,714866.233843,718671.651353,635538.981035,847867.677942,735208.2443946572,712829.3043521072,738938.08150354
2016-08-24,674613.0479498,Wednesday,8,2016,3,24,2,0,660819.9779755,725945.703034,658457.436112,697383.602092,726943.7196264428,714635.0898478571,732703.1581713234
2016-08-25,554421.529139,Thursday,8,2016,3,25,3,0,674613.0479498,577350.5209386,596729.279945,622771.923903,719610.4831858429,715789.0621219856,731944.1396999167
2016-08-26,646698.272887,Friday,8,2016,3,26,4,0,554421.529139,678767.115815,745662.5051491,651121.9849837,716334.9129287571,712767.0799215572,729665.7932077834
2016-08-27,791047.534486,Saturday,8,2016,3,27,5,1,646698.272887,828986.33584,714905.9190669,533256.2493581,711753.6496533286,705698.20618855,729518.3361378933
2016-08-28,858802.419759,Sunday,8,2016,3,28,6,1,791047.534486,901870.149939,761826.1289779,669585.8378729,706333.8208884716,711136.8930042001,738111.3789754901
2016-08-29,671845.736816,Monday,8,2016,3,29,0,0,858802.419759,714866.233843,720032.299881,910213.871959,700181.2880056143,718063.7709171356,744418.5983716934
2016-08-30,624711.335056,Tuesday,8,2016,3,30,1,0,671845.736816,660819.9779755,718671.651353,997916.9572141,694035.5027160429,714621.87355535,736472.9938669266
2016-08-31,731430.1240452,Wednesday,8,2016,3,31,2,0,624711.335056,674613.0479498,725945.703034,895580.405053,688877.1251561142,707910.4223912786,724032.8064616566
2016-09-01,718105.570925,Thursday,9,2016,3,1,3,0,731430.1240452,554421.529139,577350.5209386,777592.8388893,696993.8503125999,708302.1667492214,718561.1304280633
2016-09-02,837129.5876419999,Friday,9,2016,3,2,4,0,718105.570925,646698.272887,678767.115815,779844.8100532,720377.2848534571,718356.0988911071,716578.2214959201
2016-09-03,1057581.210918,Saturday,9,2016,3,3,5,1,837129.5876419999,791047.534486,828986.33584,622883.098161,747581.7583898857,729667.7040216072,718487.7140822134
2016-09-04,1109985.857533,Sunday,9,2016,3,4,6,1,1057581.210918,858802.419759,901870.149939,704092.7391311,785657.9978801713,745995.9093843214,732977.6511741133
2016-09-05,813763.2950235,Monday,9,2016,3,5,0,0,1109985.857533,671845.736816,714866.233843,858903.2119025,821541.3461336,760861.3170696071,746507.4217875099
2016-09-06,751583.025072,Tuesday,9,2016,3,6,1,0,813763.2950235,624711.335056,660819.9779755,904321.436838,841815.2830203857,767925.3928682143,745002.7578915433
2016-09-07,738543.916999,Wednesday,9,2016,3,7,2,0,751583.025072,731430.1240452,674613.0479498,715195.5388238,859939.8101655286,774408.4676608214,739911.4774993433
2016-09-08,595849.2986095,Thursday,9,2016,3,8,3,0,738543.916999,718105.570925,554421.529139,635538.981035,860956.0663017858,778974.9583071929,740689.75677185
2016-09-09,658969.026968,Friday,9,2016,3,9,4,0,595849.2986095,837129.5876419999,646698.272887,658457.436112,843490.8845424287,781934.0846979428,739366.7673576666
2016-09-10,915938.559049,Saturday,9,2016,3,10,5,1,658969.026968,1057581.210918,791047.534486,596729.279945,818039.3758747142,782810.5671323,739383.8203862
2016-09-11,1017369.2242663,Sunday,9,2016,3,11,6,1,915938.559049,1109985.857533,858802.419759,745662.5051491,797804.711322,791731.3546010855,750024.1296896667
2016-09-12,678776.4591265,Monday,9,2016,3,12,0,0,1017369.2242663,813763.2950235,671845.736816,714905.9190669,784573.7637124714,803057.5549230356,759081.0203269067
2016-09-13,603427.946974,Tuesday,9,2016,3,13,1,0,678776.4591265,751583.025072,624711.335056,761826.1289779,765289.9300129,803552.6065166427,757876.7049955599
2016-09-14,624262.071976,Wednesday,9,2016,3,14,2,0,603427.946974,738543.916999,731430.1240452,720032.299881,744124.9188560428,802032.3645107857,752596.76559543
2016-09-15,568324.812986,Thursday,9,2016,3,15,3,0,624262.071976,595849.2986095,718105.570925,718671.651353,727798.9409956142,794377.5036487001,749404.4246652633
2016-09-16,691912.601466,Friday,9,2016,3,16,4,0,568324.812986,658969.026968,837129.5876419999,725945.703034,723866.8716208285,783678.8780816285,744392.8633863633
2016-09-17,899219.297508,Saturday,9,2016,3,17,5,1,691912.601466,915938.559049,1057581.210918,577350.5209386,728573.0965491143,773306.2362119143,743258.42666743
2016-09-18,1018662.657394,Sunday,9,2016,3,18,6,1,899219.297508,1017369.2242663,1109985.857533,678767.115815,726184.6306146857,761994.6709683428,753987.3858864099
2016-09-19,681159.341976,Monday,9,2016,3,19,0,0,1018662.657394,678776.4591265,813763.2950235,828986.33584,726369.4067757856,755471.5852441286,765317.2372723767
2016-09-20,650980.3219717001,Tuesday,9,2016,3,20,1,0,681159.341976,603427.946974,751583.025072,901870.149939,726709.8186114287,745999.8743121643,760389.6708102433
2016-09-21,666928.400013,Wednesday,9,2016,3,21,2,0,650980.3219717001,624262.071976,738543.916999,714866.233843,733503.0150396714,738813.9669478572,752026.6765446666
2016-09-22,533276.332017,Thursday,9,2016,3,22,3,0,666928.400013,568324.812986,595849.2986095,660819.9779755,739598.2047592428,733698.5728774285,750428.7487503332
2016-09-23,663685.9846653,Friday,9,2016,3,23,4,0,533276.332017,691912.601466,658969.026968,674613.0479498,734591.2789065286,729229.0752636787,746177.29388505
2016-09-24,861830.389997,Saturday,9,2016,3,24,5,1,663685.9846653,899219.297508,915938.559049,554421.529139,730558.9050778572,729566.0008134857,745813.0584422334
2016-09-25,952352.5509251,Sunday,9,2016,3,25,6,1,861830.389997,1018662.657394,1017369.2242663,646698.272887,725217.6325762857,725701.1315954857,756060.0204708333
2016-09-26,664217.4402937,Monday,9,2016,3,26,0,0,952352.5509251,681159.341976,678776.4591265,791047.534486,715744.7602235858,721057.0834996857,766248.4964054368
2016-09-27,587908.3278165,Tuesday,9,2016,3,27,1,0,664217.4402937,650980.3219717001,603427.946974,858802.419759,713324.4885546857,720017.1535830572,762020.8265990266
2016-09-28,631761.1750463,Wednesday,9,2016,3,28,2,0,587908.3278165,666928.400013,624262.071976,671845.736816,704314.2036753715,718908.6093575215,752991.0235342768
2016-09-29,520744.9210333,Thursday,9,2016,3,29,3,0,631761.1750463,533276.332017,568324.812986,624711.335056,699290.3143944143,719444.2595768286,751654.8714752867
2016-09-30,703198.490806,Friday,9,2016,3,30,4,0,520744.9210333,663685.9846653,691912.601466,731430.1240452,697500.1128253143,716045.6958659214,748189.3243411967
2016-10-01,1175033.65823,Saturday,10,2016,4,1,5,1,703198.490806,861830.389997,899219.297508,718105.570925,703144.7565597,716851.8308187786,747248.26989989
2016-10-02,1256480.1709663,Sunday,10,2016,4,2,6,1,1175033.65823,952352.5509251,1018662.657394,837129.5876419999,747888.0805929856,736552.8565846357,762479.2061433899
2016-10-03,833060.55889,Monday,10,2016,4,3,0,0,1256480.1709663,664217.4402937,681159.341976,1057581.210918,791334.8834560142,753539.8218398,776457.5589208666
2016-10-04,724113.096039,Tuesday,10,2016,4,4,1,0,833060.55889,587908.3278165,650980.3219717001,1109985.857533,815455.3289697713,764389.9087622286,768973.5371866
2016-10-05,749712.3000211,Wednesday,10,2016,4,5,2,0,724113.096039,631761.1750463,666928.400013,813763.2950235,834913.1530015571,769613.6783384642,756111.1118034667
2016-10-06,581429.340158,Thursday,10,2016,4,6,3,0,749712.3000211,520744.9210333,533276.332017,751583.025072,851763.3137122428,775526.8140533286,753976.0786367201
2016-10-07,797612.239327,Friday,10,2016,4,7,4,0,581429.340158,703198.490806,663685.9846653,738543.916999,860432.5164443429,778966.3146348286,748304.2891395867
2016-10-08,932551.706831,Saturday,10,2016,4,8,5,1,797612.239327,1175033.65823,861830.389997,595849.2986095,873920.1948044857,788532.4756820928,750273.2332171866
2016-10-09,1088251.479908,Sunday,10,2016,4,9,6,1,932551.706831,1256480.1709663,952352.5509251,658969.026968,839279.9160332001,793583.9983130929,761496.64682457
2016-10-10,725312.8469015,Monday,10,2016,4,10,0,0,1088251.479908,833060.55889,664217.4402937,915938.559049,815247.2458820144,803291.0646690143,775806.0619225701
2016-10-11,625271.993952,Tuesday,10,2016,4,11,1,0,725312.8469015,724113.096039,587908.3278165,1017369.2242663,799854.7155979428,807655.0222838571,769451.8715176533
2016-10-12,665126.077693,Wednesday,10,2016,4,12,2,0,625271.993952,749712.3000211,631761.1750463,678776.4591265,785734.558156943,810323.8555792499,756381.96384051
2016-10-13,558859.8909975,Thursday,10,2016,4,13,3,0,665126.077693,581429.340158,520744.9210333,603427.946974,773650.8121100714,812707.0629111571,755926.95112606
2016-10-14,667954.207226,Friday,10,2016,4,14,4,0,558859.8909975,797612.239327,703198.490806,624262.071976,770426.6050871428,815429.5607657429,754441.3492601766
2016-10-15,890613.591114,Saturday,10,2016,4,15,5,1,667954.207226,932551.706831,1175033.65823,568324.812986,751904.0290727143,812912.1119386001,755897.75376851
2016-10-16,1104504.6882152,Sunday,10,2016,4,16,6,1,890613.591114,1088251.479908,1256480.1709663,691912.601466,745912.8696845715,792596.3928588858,766640.7130394432
2016-10-17,710456.4240015,Monday,10,2016,4,17,0,0,1104504.6882152,725312.8469015,833060.55889,899219.297508,748234.7565856,781741.0012338071,780393.78259775
2016-10-18,630638.592023,Tuesday,10,2016,4,18,1,0,710456.4240015,625271.993952,724113.096039,1018662.657394,746112.4104570287,772983.5630274856,774101.6868142
2016-10-19,647823.468973,Wednesday,10,2016,4,19,2,0,630638.592023,665126.077693,749712.3000211,681159.341976,746879.0673243143,766306.8127406286,761167.5513018332
2016-10-20,583001.280078,Thursday,10,2016,4,20,3,0,647823.468973,558859.8909975,581429.340158,650980.3219717001,744407.2660786,759029.0390943356,760056.3555350666
2016-10-21,669453.5420583,Friday,10,2016,4,21,4,0,583001.280078,667954.207226,797612.239327,666928.400013,747856.0359472429,759141.3205171928,757790.3874719434
2016-10-22,843626.415914,Saturday,10,2016,4,22,5,1,669453.5420583,890613.591114,932551.706831,533276.332017,748070.2266375715,749987.1278551429,757874.5588734534
2016-10-23,1022953.689959,Sunday,10,2016,4,23,6,1,843626.415914,1104504.6882152,1088251.479908,663685.9846653,741357.7730375715,743635.3213610714,768219.56167002
2016-10-24,668507.6451983,Monday,10,2016,4,24,0,0,1022953.689959,710456.4240015,725312.8469015,861830.389997,729707.6304295429,738971.1935075715,780195.1518464766
2016-10-25,610590.8979547,Tuesday,10,2016,4,25,1,0,668507.6451983,630638.592023,625271.993952,952352.5509251,723714.9477433714,734913.6791002,773751.0603531867
2016-10-26,633413.8905697,Wednesday,10,2016,4,26,2,0,610590.8979547,647823.468973,665126.077693,664217.4402937,720850.9914479001,733865.0293861071,762359.0052541733
2016-10-27,544361.4798829,Thursday,10,2016,4,27,3,0,633413.8905697,583001.280078,558859.8909975,587908.3278165,718792.4802474286,731599.8731630143,761332.2202633733
2016-10-28,638838.252231,Friday,10,2016,4,28,4,0,544361.4798829,669453.5420583,667954.207226,631761.1750463,713272.5087909857,730564.2723691143,759880.6586655866
2016-10-29,841074.6969995,Saturday,10,2016,4,29,5,1,638838.252231,843626.415914,890613.591114,520744.9210333,708898.8959585142,728484.5612980428,760116.56123841
2016-10-30,954838.191008,Sunday,10,2016,4,30,6,1,841074.6969995,1022953.689959,1104504.6882152,703198.490806,708534.3646850142,724946.0688612929,770794.2204372833
2016-10-31,654923.5029715,Monday,10,2016,4,31,0,0,954838.191008,668507.6451983,710456.4240015,1175033.65823,698803.5791205858,714255.6047750644,779182.2104440167
2016-11-01,811832.445984,Tuesday,11,2016,4,1,1,0,654923.5029715,610590.8979547,630638.592023,1256480.1709663,696862.9873738999,710288.9675586357,761845.2052687334
2016-11-02,969033.618953,Wednesday,11,2016,4,2,2,0,811832.445984,633413.8905697,647823.468973,833060.55889,725611.7799495143,723231.3856987072,747023.61443599
2016-11-03,793811.6841115,Thursday,11,2016,4,3,3,0,969033.618953,544361.4798829,583001.280078,724113.096039,773557.4554328428,746174.9678401358,751556.0497714233
2016-11-04,858468.216477,Friday,11,2016,4,4,4,0,793811.6841115,638838.252231,669453.5420583,749712.3000211,809193.1988940714,761232.8538425285,753879.3360405066
2016-11-05,887751.298669,Saturday,11,2016,4,5,5,1,858468.216477,841074.6969995,843626.415914,581429.340158,840568.9080720714,774733.9020152929,757504.5332557034
2016-11-06,1140367.104134,Sunday,11,2016,4,6,6,1,887751.298669,954838.191008,1022953.689959,797612.239327,847236.9940248572,777885.6793549358,767715.26520607
2016-11-07,849451.0429045,Monday,11,2016,4,7,0,0,1140367.104134,654923.5029715,668507.6451983,932551.706831,873741.1244714286,786272.351796007,779140.4273663034
2016-11-08,767439.628434,Tuesday,11,2016,4,8,1,0,849451.0429045,811832.445984,610590.8979547,1088251.479908,901530.7730332857,799196.8802035929,776370.4052354201
2016-11-09,790276.839009,Wednesday,11,2016,4,9,2,0,767439.628434,969033.618953,633413.8905697,725312.8469015,895188.9419547144,810400.3609521143,765676.6768529533
2016-11-10,588241.7590247,Thursday,11,2016,4,10,3,0,790276.839009,793811.6841115,544361.4798829,625271.993952,869652.2591055714,821604.8572692071,767842.1432565366
2016-11-11,713396.4541223,Friday,11,2016,4,11,4,0,588241.7590247,858468.216477,638838.252231,665126.077693,840285.1269503143,824739.162922193,766607.8020922934
2016-11-12,929802.771943,Saturday,11,2016,4,12,5,1,713396.4541223,887751.298669,841074.6969995,558859.8909975,819560.5894710714,830064.7487715716,768216.8146399368
2016-11-13,1188982.232398,Sunday,11,2016,4,13,6,1,929802.771943,1140367.104134,954838.191008,667954.207226,825567.9427959286,836402.4684103929,780581.5773381201
2016-11-14,735723.172977,Monday,11,2016,4,14,0,0,1188982.232398,849451.0429045,654923.5029715,890613.591114,832512.9611193573,853127.0427953928,797949.1781771868
2016-11-15,691801.6290438,Tuesday,11,2016,4,15,1,0,735723.172977,767439.628434,811832.445984,1104504.6882152,816266.1225582857,858898.4477957857,792786.1642392868
2016-11-16,830431.7415873,Wednesday,11,2016,4,16,2,0,691801.6290438,790276.839009,969033.618953,710456.4240015,805460.6940739715,850324.8180143429,779029.3956002401
2016-11-17,615228.2560159,Thursday,11,2016,4,17,3,0,830431.7415873,588241.7590247,793811.6841115,630638.592023,811197.1087280142,840424.683916793,783028.5728531
2016-11-18,738265.552222,Friday,11,2016,4,18,4,0,615228.2560159,713396.4541223,858468.216477,647823.468973,815052.3225839001,827668.7247671072,782514.8949861968
2016-11-19,935656.0010137,Saturday,11,2016,4,19,5,1,738265.552222,929802.771943,887751.298669,583001.280078,818605.0508838572,819082.8201774642,785529.6310944967
2016-11-20,1125178.987911,Sunday,11,2016,4,20,6,1,935656.0010137,1188982.232398,1140367.104134,669453.5420583,819441.2264653856,822504.5846306571,797284.78845902
2016-11-21,773762.280859,Monday,11,2016,4,21,0,0,1125178.987911,735723.172977,849451.0429045,843626.415914,810326.4772529573,821419.7191861572,812475.63665411
2016-11-22,690281.251004,Tuesday,11,2016,4,22,1,0,773762.280859,691801.6290438,767439.628434,1022953.689959,815760.6355218142,816013.37904005,810146.8321522768
2016-11-23,753685.041456,Wednesday,11,2016,4,23,2,0,690281.251004,830431.7415873,790276.839009,668507.6451983,815543.4386589857,810502.0663664787,799057.7508537767
2016-11-24,595457.3062203,Thursday,11,2016,4,24,3,0,753685.041456,615228.2560159,588241.7590247,610590.8979547,804579.6243545143,807888.3665412643,801896.9973957
2016-11-25,737819.484836,Friday,11,2016,4,25,4,0,595457.3062203,738265.552222,713396.4541223,633413.8905697,801755.2029551428,808403.7627695214,801392.5443378867
2016-11-26,908066.823384,Saturday,11,2016,4,26,5,1,737819.484836,935656.0010137,929802.771943,544361.4798829,801691.4790428572,810148.264963357,804872.73081343
2016-11-27,1056721.5920875,Sunday,11,2016,4,27,6,1,908066.823384,1125178.987911,1188982.232398,638838.252231,797750.1679528999,808595.6972091428,816996.2422634666
2016-11-28,752583.7680527,Monday,11,2016,4,28,0,0,1056721.5920875,773762.280859,735723.172977,841074.6969995,787970.5399781143,799148.5086155358,830925.6869253501
2016-11-29,645760.5082353,Tuesday,11,2016,4,29,1,0,752583.7680527,690281.251004,691801.6290438,954838.191008,784945.0381486428,800352.8368352286,827975.98929379
2016-11-30,767361.704324,Wednesday,11,2016,4,30,2,0,645760.5082353,753685.041456,830431.7415873,654923.5029715,778584.9320388286,797064.1853489071,817673.3998680334
2016-12-01,843603.315088,Thursday,12,2016,4,1,3,0,767361.704324,595457.3062203,615228.2560159,811832.445984,780538.7410199714,792559.1826872427,821421.3399131167
2016-12-02,853454.930795,Friday,12,2016,4,2,4,0,843603.315088,737819.484836,738265.552222,969033.618953,815988.1708582143,808871.6869066786,822480.36888325
2016-12-03,1113440.567059,Saturday,12,2016,4,3,5,1,853454.930795,908066.823384,935656.0010137,793811.6841115,832507.5202809285,817099.4996618929,818627.74594465
2016-12-04,1276195.0362097,Sunday,12,2016,4,4,6,1,1113440.567059,1056721.5920875,1125178.987911,858468.216477,861846.6265202144,829798.3972365571,829282.0420429
2016-12-05,896824.938971,Monday,12,2016,4,5,0,0,1276195.0362097,752583.7680527,773762.280859,887751.298669,893199.9756805286,840585.2578293214,843206.2693673234
2016-12-06,932546.385931,Tuesday,12,2016,4,6,1,0,896824.938971,645760.5082353,690281.251004,1140367.104134,913805.8572402857,849375.4476944644,843508.7240440566
2016-12-07,867653.7351403,Wednesday,12,2016,4,7,2,0,932546.385931,767361.704324,753685.041456,849451.0429045,954775.2683396714,866680.10018925,836581.3667706234
2016-12-08,674077.382905,Thursday,12,2016,4,8,3,0,867653.7351403,843603.315088,595457.3062203,767439.628434,969102.7013134286,874820.7211667,837188.1231784833
2016-12-09,774941.923982,Friday,12,2016,4,9,4,0,674077.382905,853454.930795,737819.484836,790276.839009,944884.7110015715,880436.4409298928,834076.0483275166
2016-12-10,920050.745917,Saturday,12,2016,4,10,5,1,774941.923982,1113440.567059,908066.823384,588241.7590247,933668.5671711428,883088.0437260357,833564.8844932835
2016-12-11,1119324.243986,Sunday,12,2016,4,11,6,1,920050.745917,1276195.0362097,1056721.5920875,713396.4541223,906041.4498651429,883944.0381926786,844625.18405636
2016-12-12,844251.703802,Monday,12,2016,4,12,0,0,1119324.243986,896824.938971,752583.7680527,929802.771943,883631.3366903284,888415.6561854285,858156.11038515
2016-12-13,747161.615593,Tuesday,12,2016,4,13,1,0,844251.703802,932546.385931,645760.5082353,1188982.232398,876120.8745233286,894963.3658818072,855304.4081137833
2016-12-14,829763.2190675,Wednesday,12,2016,4,14,2,0,747161.615593,867653.7351403,767361.704324,735723.172977,849637.3359036142,902206.3021216429,840577.0542202833
2016-12-15,747641.1828753001,Thursday,12,2016,4,15,3,0,829763.2190675,674077.382905,843603.315088,691801.6290438,844224.4050360714,906663.5531747501,843711.7224233
2016-12-16,918899.786306,Friday,12,2016,4,16,4,0,747641.1828753001,774941.923982,853454.930795,830431.7415873,854733.5193175429,899809.1151595572,845573.04088435
2016-12-17,1071655.6282493,Saturday,12,2016,4,17,5,1,918899.786306,920050.745917,1113440.567059,615228.2560159,875298.9282209714,904483.7476960571,848521.9757083067
2016-12-18,1260471.90859,Sunday,12,2016,4,18,6,1,1071655.6282493,1119324.243986,1276195.0362097,738265.552222,896956.7685541572,901499.1092096501,863736.22144942
2016-12-19,1028242.8227987,Monday,12,2016,4,19,0,0,1260471.90859,844251.703802,896824.938971,935656.0010137,917120.7206404429,900376.0286653858,881143.0999950201
2016-12-20,1080402.388032,Tuesday,12,2016,4,20,1,0,1028242.8227987,747161.615593,932546.385931,1125178.987911,943405.1662114,909763.0203673643,884229.3273878533
2016-12-21,1181307.3270735,Wednesday,12,2016,4,21,2,0,1080402.388032,829763.2190675,867653.7351403,773762.280859,991010.990845543,920324.1633745786,882736.7740585533
2016-12-22,1135849.391084,Thursday,12,2016,4,22,3,0,1181307.3270735,747641.1828753001,674077.382905,690281.251004,1041231.5777035429,942727.9913698072,896321.60893237
2016-12-23,1282145.5171351,Friday,12,2016,4,23,4,0,1135849.391084,918899.786306,774941.923982,753685.041456,1096689.8931619285,975711.7062397357,911173.88026837
2016-12-24,1246837.8430543,Saturday,12,2016,4,24,5,1,1282145.5171351,1071655.6282493,920050.745917,595457.3062203,1148582.1404232285,1011940.5343221,928789.2294576734
2016-12-26,1032770.748898,Monday,12,2016,4,26,0,0,1246837.8430543,1260471.90859,1119324.243986,737819.484836,1173608.1711096573,1035282.4698319071,950501.9140188067
2016-12-27,842475.490118,Tuesday,12,2016,4,27,1,0,1032770.748898,1028242.8227987,844251.703802,908066.823384,1141079.4340108,1029100.0773256215,960333.6228208733
2016-12-28,951533.7138481,Wednesday,12,2016,4,28,2,0,842475.490118,1080402.388032,747161.615593,1056721.5920875,1114541.2436278427,1028973.2049196213,958147.24504534
2016-12-29,894108.236835,Thursday,12,2016,4,29,3,0,951533.7138481,1181307.3270735,829763.2190675,752583.7680527,1096131.433030143,1043571.2119378429,954640.98243736
2016-12-30,1163643.0379923,Friday,12,2016,4,30,4,0,894108.236835,1135849.391084,747641.1828753001,645760.5082353,1055102.9915675,1048167.2846355214,959358.4647301033
2016-12-31,1109012.812049,Saturday,12,2016,4,31,5,1,1163643.0379923,1282145.5171351,918899.786306,767361.704324,1059073.5125544,1077881.7028581642,976621.2157220034
2017-01-01,12082.500997,Sunday,1,2017,1,1,6,1,1109012.812049,1246837.8430543,1071655.6282493,843603.315088,1034340.2689706715,1091461.20469695,988009.5859795032
2017-01-02,1402306.370834,Monday,1,2017,1,2,0,0,12082.500997,1032770.748898,1260471.90859,853454.930795,857946.6486767714,1015777.4098932144,960292.2255098034
2017-01-03,1104377.0798245,Tuesday,1,2017,1,3,1,0,1402306.370834,842475.490118,1028242.8227987,1113440.567059,910737.4518104858,1025908.4429106427,978587.2735111032
2017-01-04,990093.463742,Wednesday,1,2017,1,4,2,0,1104377.0798245,951533.7138481,1080402.388032,1276195.0362097,948151.9646257,1031346.6041267713,978285.1572699533
2017-01-05,777620.9540695,Thursday,1,2017,1,5,3,0,990093.463742,894108.236835,1181307.3270735,896824.938971,953660.5003248287,1024895.9666774857,968748.4381876966
2017-01-06,839600.237989,Friday,1,2017,1,6,4,0,777620.9540695,1163643.0379923,1135849.391084,932546.385931,937019.4599297572,996061.2257486285,964774.9720243134
2017-01-07,1103806.298949,Saturday,1,2017,1,7,5,1,839600.237989,1109012.812049,1282145.5171351,867653.7351403,890727.6313578571,974900.5719561286,961676.7670929134
2017-01-08,1192543.750978,Sunday,1,2017,1,8,6,1,1103806.298949,12082.500997,1246837.8430543,674077.382905,889983.8437721429,962162.056371407,969548.51921987
2017-01-09,793724.8969065,Monday,1,2017,1,9,0,0,1192543.750978,1402306.370834,1032770.748898,774941.923982,1058621.165198,958283.9069373858,986830.73148897
2017-01-10,742635.5692609,Tuesday,1,2017,1,10,1,0,793724.8969065,1104377.0798245,842475.490118,920050.745917,971680.9546369286,941209.2032237072,987456.8305864533
2017-01-11,770742.690065,Wednesday,1,2017,1,11,2,0,742635.5692609,990093.463742,951533.7138481,1119324.243986,920003.5959849857,934077.7803053429,981542.9913645833
2017-01-12,629635.794004,Thursday,1,2017,1,12,3,0,770742.690065,777620.9540695,894108.236835,844251.703802,888667.7711739857,921164.1357494071,969923.6062338833
2017-01-13,768898.9443882,Friday,1,2017,1,13,4,0,629635.794004,839600.237989,1163643.0379923,747161.615593,867527.0340217714,902273.2469757644,962769.74257395
2017-01-14,1021050.536226,Saturday,1,2017,1,14,5,1,768898.9443882,1103806.298949,1109012.812049,829763.2190675,857426.8492216571,874077.2402897571,963494.3202004567
2017-01-15,1175725.165838,Sunday,1,2017,1,15,6,1,1021050.536226,1192543.750978,12082.500997,747641.1828753001,845604.5974040858,867794.2205881143,969870.5641057399
2017-01-16,824488.666175,Monday,1,2017,1,16,0,0,1175725.165838,793724.8969065,1402306.370834,918899.786306,843201.9423840857,950911.5537910428,984140.0302044967
2017-01-17,750836.542952,Tuesday,1,2017,1,17,1,0,824488.666175,742635.5692609,1104377.0798245,1071655.6282493,847596.7665653,909638.8606011143,980992.9928667967
2017-01-18,782656.0246723,Wednesday,1,2017,1,18,2,0,750836.542952,770742.690065,990093.463742,1260471.90859,848768.3342354571,884385.9651102215,970299.0233568867
2017-01-19,606949.7448793,Thursday,1,2017,1,19,3,0,782656.0246723,629635.794004,777620.9540695,1028242.8227987,850470.2391793571,869569.0051766714,954371.8272262966
2017-01-20,725703.6910875,Friday,1,2017,1,20,4,0,606949.7448793,768898.9443882,839600.237989,1080402.388032,847229.3750186858,857378.2045202286,940328.7246289833
2017-01-21,1072721.724905,Saturday,1,2017,1,21,5,1,725703.6910875,1021050.536226,1103806.298949,1181307.3270735,841058.6245471571,849242.7368844071,928505.4347308334
2017-01-22,1148214.358454,Sunday,1,2017,1,22,6,1,1072721.724905,1175725.165838,1192543.750978,1135849.391084,848440.2229298715,847022.4101669786,924885.91465855
2017-01-23,798133.612125,Monday,1,2017,1,23,0,0,1148214.358454,824488.666175,793724.8969065,1282145.5171351,844510.1075893,843856.0249866928,925298.0802375501
2017-01-24,721275.774781,Tuesday,1,2017,1,24,1,0,798133.612125,750836.542952,742635.5692609,1246837.8430543,840745.0998678714,844170.9332165857,909164.3500705467
2017-01-25,744342.5929227,Wednesday,1,2017,1,25,2,0,721275.774781,782656.0246723,770742.690065,1032770.748898,836522.1329862999,842645.2336108786,891645.6144614366
2017-01-26,576515.5369877,Thursday,1,2017,1,26,3,0,744342.5929227,606949.7448793,629635.794004,842475.490118,831048.7855935001,840759.5123864285,882031.3425955934
2017-01-27,722113.958837,Friday,1,2017,1,27,4,0,576515.5369877,725703.6910875,768898.9443882,951533.7138481,826701.0416089856,836965.2083138357,873166.0108245834
2017-01-28,977850.40585,Saturday,1,2017,1,28,5,1,722113.958837,1072721.724905,1021050.536226,894108.236835,826188.2227160571,833623.4236316072,865518.6856575466
2017-01-29,1075166.993043,Sunday,1,2017,1,29,6,1,977850.40585,1148214.358454,1175725.165838,1163643.0379923,812635.1771367714,830537.7000333213,868310.09129138
2017-01-30,698123.768037,Monday,1,2017,1,30,0,0,1075166.993043,798133.612125,824488.666175,1109012.812049,802199.8392209143,823354.973405107,865360.8897930699
2017-01-31,778222.285925,Tuesday,1,2017,1,31,1,0,698123.768037,721275.774781,750836.542952,12082.500997,787912.7186369143,814328.9092523928,851664.5883260034
2017-02-01,961777.382874,Wednesday,2,2017,1,1,2,0,778222.285925,744342.5929227,782656.0246723,1402306.370834,796047.9345146286,816285.0337504643,877202.5811569367
2017-02-02,748882.732615,Thursday,2,2017,1,2,3,0,961777.382874,576515.5369877,606949.7448793,1104377.0798245,827110.0473648142,829079.4164791572,862518.28155827
2017-02-03,834667.1519293,Friday,2,2017,1,3,4,0,748882.732615,722113.958837,725703.6910875,990093.463742,851733.9324544286,839217.4870317072,850668.4699846201
2017-02-04,1132788.541413,Saturday,2,2017,1,4,5,1,834667.1519293,977850.40585,1072721.724905,777620.9540695,867812.960039043,847000.5913775499,845487.5929241966
2017-02-05,1151987.631095,Sunday,2,2017,1,5,6,1,1132788.541413,1075166.993043,1148214.358454,839600.237989,889946.9794051858,851291.0782709785,857326.5125023132
2017-02-06,786672.394181,Monday,2,2017,1,6,0,0,1151987.631095,698123.768037,798133.612125,1103806.298949,900921.3562697571,851560.5977453358,867739.4256058467
2017-02-07,739431.213302,Tuesday,2,2017,1,7,1,0,786672.394181,778222.285925,721275.774781,1192543.750978,913571.1600046143,850741.9393207644,857168.2954469133
2017-02-08,783605.377185,Wednesday,2,2017,1,8,2,0,739431.213302,961777.382874,744342.5929227,793724.8969065,908029.5782013286,852038.7563579787,842064.5441910467
2017-02-09,624387.487899,Thursday,2,2017,1,9,3,0,783605.377185,748882.732615,576515.5369877,742635.5692609,882576.4345314716,854843.2409481428,841727.2268669966
2017-02-10,752207.2398545,Friday,2,2017,1,10,4,0,624387.487899,834667.1519293,722113.958837,770742.690065,864791.3995720429,858262.6660132358,837785.6241549334
2017-02-11,944924.65301,Saturday,2,2017,1,11,5,1,752207.2398545,1132788.541413,977850.40585,629635.794004,853011.4121327858,860412.1860859143,837167.7758145834
2017-02-12,1074820.900014,Sunday,2,2017,1,12,6,1,944924.65301,1151987.631095,1075166.993043,768898.9443882,826173.7137895001,858060.3465973429,847677.4044481167
2017-02-13,794314.4320675,Monday,2,2017,1,13,0,0,1074820.900014,786672.394181,698123.768037,1021050.536226,815149.895063643,858035.6256667,857874.8029689767
2017-02-14,642613.187069,Tuesday,2,2017,1,14,1,0,794314.4320675,739431.213302,778222.285925,1175725.165838,816241.6147617142,864906.3873831643,850316.93283036
2017-02-15,745780.355084,Wednesday,2,2017,1,15,2,0,642613.187069,783605.377185,961777.382874,824488.666175,802410.4681569999,855220.0231791643,832546.53353806
2017-02-16,645968.2570671,Thursday,2,2017,1,16,3,0,745780.355084,624387.487899,748882.732615,750836.542952,797006.8935711429,839791.6640513072,829922.92316836
2017-02-17,758855.71279,Friday,2,2017,1,17,4,0,645968.2570671,752207.2398545,834667.1519293,782656.0246723,800089.8605951571,832440.6300836001,826427.3136388634
2017-02-18,1063394.844003,Saturday,2,2017,1,18,5,1,758855.71279,944924.65301,1132788.541413,606949.7448793,801039.6424430858,827025.5272879357,825633.9699094533
2017-02-19,858897.1230135,Sunday,2,2017,1,19,6,1,1063394.844003,1074820.900014,1151987.631095,725703.6910875,817963.9554420856,822068.834615793,840848.8065469101
2017-02-20,759120.0599607,Monday,2,2017,1,20,0,0,858897.1230135,794314.4320675,786672.394181,1072721.724905,787117.7015848713,801133.7983242571,845288.5876111101
2017-02-21,717807.6770255,Tuesday,2,2017,1,21,1,0,759120.0599607,642613.187069,739431.213302,1148214.358454,782089.9341410429,799165.7744513785,834835.1987796333
2017-02-22,739388.0344027,Wednesday,2,2017,1,22,2,0,717807.6770255,745780.355084,783605.377185,798133.612125,792832.0041348286,797621.2361459143,820488.3093986833
2017-02-23,675578.500156,Thursday,2,2017,1,23,3,0,739388.0344027,645968.2570671,624387.487899,721275.774781,791918.8154660715,794462.8545186071,818530.1234746068
2017-02-24,816197.498952,Friday,2,2017,1,24,4,0,675578.500156,758855.71279,752207.2398545,744342.5929227,796148.8501930572,798119.3553941072,817006.8809871067
2017-02-25,1026011.2228075,Saturday,2,2017,1,25,5,1,816197.498952,1063394.844003,944924.65301,576515.5369877,804340.5339304857,802690.0881867857,819402.0445214167
2017-02-26,775708.987978,Sunday,2,2017,1,26,6,1,1026011.2228075,858897.1230135,1074820.900014,722113.958837,799000.0166168428,808481.9860294644,834385.2340487433
2017-02-27,744956.948138,Monday,2,2017,1,27,0,0,775708.987978,759120.0599607,794314.4320675,977850.40585,787115.9973260572,787116.8494554644,836171.73502011
2017-02-28,949366.8290505,Tuesday,2,2017,1,28,1,0,744956.948138,717807.6770255,642613.187069,1075166.993043,785092.6956371,783591.3148890715,828408.6197630432
2017-03-01,1008521.709962,Wednesday,3,2017,1,1,2,0,949366.8290505,739388.0344027,745780.355084,698123.768037,818172.5744978143,805502.2893163214,824215.2809632935
2017-03-02,836225.179072,Thursday,3,2017,1,2,3,0,1008521.709962,675578.500156,645968.2570671,778222.285925,856620.2424348572,824269.5289504642,834561.87902746
2017-03-03,882639.776274,Friday,3,2017,1,3,4,0,836225.179072,816197.498952,758855.71279,961777.382874,879569.7679942857,837859.3090936715,836495.3087990267
2017-03-04,1125736.3470592,Saturday,3,2017,1,4,5,1,882639.776274,1026011.2228075,1063394.844003,748882.732615,889061.5218974286,846701.0279139571,833857.3885790267
2017-03-05,1196983.690104,Sunday,3,2017,1,5,6,1,1125736.3470592,775708.987978,858897.1230135,834667.1519293,903307.9682190999,851153.9924179715,846419.1757271667
2017-03-06,790143.2410905,Monday,3,2017,1,6,0,0,1196983.690104,744956.948138,759120.0599607,1132788.541413,963490.0685228144,875303.0329244357,858496.3936663233
2017-03-07,761866.729975,Tuesday,3,2017,1,7,1,0,790143.2410905,949366.8290505,717807.6770255,1151987.631095,969945.2532303144,877518.9744337072,847074.8836555735
2017-03-08,781046.6619577,Wednesday,3,2017,1,8,2,0,761866.729975,1008521.709962,739388.0344027,786672.394181,943159.5247909572,880666.0496443857,834070.85361824
2017-03-09,653901.1919827,Thursday,3,2017,1,9,3,0,781046.6619577,836225.179072,675578.500156,739431.213302,910663.0893617714,883641.6658983143,833883.3292107967
2017-03-10,773855.30685,Friday,3,2017,1,10,4,0,653901.1919827,882639.776274,816197.498952,783605.377185,884616.8054918714,882093.2867430785,831032.3285001533
2017-03-11,1001174.4340065,Saturday,3,2017,1,11,5,1,773855.30685,1125736.3470592,1026011.2228075,624387.487899,869076.1670027288,879068.8444500787,830707.3261556533
2017-03-12,1146006.826973,Sunday,3,2017,1,12,6,1,1001174.4340065,1196983.690104,775708.987978,752207.2398545,851281.6079952001,877294.78810715,843266.8910259033
2017-03-13,754390.380036,Monday,3,2017,1,13,0,0,1146006.826973,790143.2410905,744956.948138,944924.65301,843999.1989764858,903744.63374965,856393.5439298532
2017-03-14,700998.0346447,Tuesday,3,2017,1,14,1,0,754390.380036,761866.729975,949366.8290505,1074820.900014,838891.6473972715,904418.4503137929,850042.4014973866
2017-03-15,815621.887369,Wednesday,3,2017,1,15,2,0,700998.0346447,781046.6619577,1008521.709962,794314.4320675,830196.1194929428,886677.8221419501,837581.6393184101
2017-03-16,699108.166824,Thursday,3,2017,1,16,3,0,815621.887369,653901.1919827,836225.179072,642613.187069,835135.437408843,872899.2633853072,838291.88782846
2017-03-17,812306.77427,Friday,3,2017,1,17,4,0,699108.166824,773855.30685,882639.776274,745780.355084,841593.5766718857,863105.1910818786,840175.0538202934
2017-03-18,1038906.566154,Saturday,3,2017,1,18,5,1,812306.77427,1001174.4340065,1125736.3470592,645968.2570671,847086.6434461714,858081.40522445,842392.6011264933
2017-03-19,1157140.638587,Sunday,3,2017,1,19,6,1,1038906.566154,1146006.826973,1196983.690104,758855.71279,852476.9480386715,851879.2780169358,855490.5447627233
2017-03-20,826428.90991,Monday,3,2017,1,20,0,0,1157140.638587,754390.380036,790143.2410905,1063394.844003,854067.4925549572,849033.3457657216,868766.7089559567
2017-03-21,746620.926177,Tuesday,3,2017,1,21,1,0,826428.90991,700998.0346447,761866.729975,858897.1230135,864358.7111083857,851625.1792528286,860867.84448619
2017-03-22,767880.804934,Wednesday,3,2017,1,22,2,0,746620.926177,815621.887369,781046.6619577,759120.0599607,870876.2670415714,850536.1932672572,857125.30459164
2017-03-23,670848.010029,Thursday,3,2017,1,23,3,0,767880.804934,699108.166824,653901.1919827,717807.6770255,864056.112408,849595.7749084214,857417.3294240833
2017-03-24,787914.125515,Friday,3,2017,1,24,4,0,670848.010029,812306.77427,773855.30685,739388.0344027,860018.9471515715,850806.2619117287,855852.0071908667
2017-03-25,1038139.316887,Saturday,3,2017,1,25,5,1,787914.125515,1038906.566154,1001174.4340065,675578.500156,856534.2830437144,851810.4632449428,857469.5435612766
2017-03-26,1101557.476706,Sunday,3,2017,1,26,6,1,1038139.316887,1157140.638587,1146006.826973,816197.498952,856424.6760055714,854450.8120221215,869554.9041189767
2017-03-27,784103.265042,Monday,3,2017,1,27,0,0,1101557.476706,826428.90991,754390.380036,1026011.2228075,848484.2243082857,851275.8584316215,879066.9033774434
2017-03-28,702943.948577,Tuesday,3,2017,1,28,1,0,784103.265042,746620.926177,700998.0346447,775708.987978,842437.7036128571,853398.2073606214,871003.3047852601
2017-03-29,824632.985033,Wednesday,3,2017,1,29,2,0,702943.948577,767880.804934,815621.887369,744956.948138,836198.1353842857,853537.2012129285,868577.8034718933
2017-03-30,637624.340998,Thursday,3,2017,1,30,3,0,824632.985033,670848.010029,699108.166824,949366.8290505,844305.5896841428,854180.8510460714,871233.6713683935
2017-03-31,878750.03788,Friday,3,2017,1,31,4,0,637624.340998,787914.125515,812306.77427,1008521.709962,839559.3512511428,849789.1492013572,860842.2550999768
2017-04-01,1463083.962459,Saturday,4,2017,2,1,5,1,878750.03788,1038139.316887,1038906.566154,836225.179072,852535.9101604285,854535.0966020714,856516.5326972434
2017-04-02,1138650.058898,Sunday,4,2017,2,2,6,1,1463083.962459,1101557.476706,1157140.638587,882639.776274,913242.2880992858,884833.4820524286,877411.82547681
2017-04-03,835191.622029,Monday,4,2017,2,3,0,0,1138650.058898,784103.265042,826428.90991,1125736.3470592,918541.2284124286,883512.7263603571,885945.5015642768
2017-04-04,835602.6360017,Tuesday,4,2017,2,4,1,0,835191.622029,702943.948577,746620.926177,1196983.690104,925839.5651248572,884138.6343688571,876260.6773966034
2017-04-05,846631.307907,Wednesday,4,2017,2,5,2,0,835602.6360017,824632.985033,767880.804934,790143.2410905,944790.8061855285,890494.4707849071,864214.6422598601
2017-04-06,683059.570103,Thursday,4,2017,2,6,3,0,846631.307907,637624.340998,670848.010029,761866.729975,947933.4237389571,896119.50671155,866097.5778204099
2017-04-07,765502.211925,Friday,4,2017,2,7,4,0,683059.570103,878750.03788,787914.125515,781046.6619577,954424.1707539571,896991.7610025499,863470.6724913433
2017-04-08,988591.469958,Saturday,4,2017,2,8,5,1,765502.211925,1463083.962459,1038139.316887,653901.1919827,938245.909903243,895390.9100318357,862952.52415692
2017-04-09,1101713.657101,Sunday,4,2017,2,9,6,1,988591.469958,1138650.058898,1101557.476706,773855.30685,870461.2681173857,891851.7781083358,874108.8667560967
2017-04-10,739392.130988,Monday,4,2017,2,10,0,0,1101713.657101,835191.622029,784103.265042,1001174.4340065,865184.6392892429,891862.9338508358,885037.4784311301
2017-04-11,741331.430196,Tuesday,4,2017,2,11,1,0,739392.130988,835602.6360017,702943.948577,1146006.826973,851498.9977119571,888669.2814184072,876311.4016638467
2017-04-12,791762.312883,Wednesday,4,2017,2,12,2,0,741331.430196,846631.307907,824632.985033,754390.380036,838031.6825968571,891411.2443911929,862822.22177128
2017-04-13,737029.565183,Thursday,4,2017,2,13,3,0,791762.312883,683059.570103,637624.340998,700998.0346447,830193.2547362857,889063.3392376214,864067.95286618
2017-04-14,740889.486829,Friday,4,2017,2,14,4,0,737029.565183,765502.211925,878750.03788,815621.887369,837903.2540334286,896163.7123936928,865269.0038841234
2017-04-15,898610.217928,Saturday,4,2017,2,15,5,1,740889.486829,988591.469958,1463083.962459,699108.166824,834387.1504482857,886316.5301757642,862777.9238661233
2017-04-16,985493.795113,Sunday,4,2017,2,16,6,1,898610.217928,1101713.657101,1138650.058898,812306.77427,821532.6858725714,845996.9769949785,869427.9922362566
2017-04-17,775916.9059055,Monday,4,2017,2,17,0,0,985493.795113,739392.130988,835191.622029,1038906.566154,804929.8484457142,835057.2438674786,875200.8929310234
2017-04-18,717196.315762,Tuesday,4,2017,2,18,1,0,775916.9059055,741331.430196,835602.6360017,1157140.638587,810147.6734339286,830823.335572943,866434.57092274
2017-04-19,735733.2142477001,Wednesday,4,2017,2,19,2,0,717196.315762,791762.312883,846631.307907,826428.90991,806699.7999433571,822365.7412701072,851769.7601619067
2017-04-20,675804.0219027,Thursday,4,2017,2,20,3,0,735733.2142477001,737029.565183,683059.570103,746620.926177,798695.6429954572,814444.4488658715,848746.5703064967
2017-04-21,795795.893872,Friday,4,2017,2,21,4,0,675804.0219027,740889.486829,765502.211925,767880.804934,789949.1368125571,813926.1954229929,846386.0068306867
2017-04-22,974952.817869,Saturday,4,2017,2,22,5,1,795795.893872,898610.217928,988591.469958,670848.010029,797792.9092472715,816090.0298477786,847316.5097952868
2017-04-23,1140070.2748035,Sunday,4,2017,2,23,6,1,974952.817869,985493.795113,1101713.657101,787914.125515,808698.9949531286,815115.8404128499,857453.3367232867
2017-04-24,755072.530945,Monday,4,2017,2,24,0,0,1140070.2748035,775916.9059055,739392.130988,1038139.316887,830781.3491946285,817855.5988201714,869191.8750329034
2017-04-25,718996.080637,Tuesday,4,2017,2,25,1,0,755072.530945,717196.315762,741331.430196,1101557.476706,827803.5813431286,818975.6273885285,859756.3155015034
2017-04-26,781159.2829995,Wednesday,4,2017,2,26,2,0,718996.080637,735733.2142477001,791762.312883,784103.265042,828060.6906109856,817380.2452771714,847004.26896587
2017-04-27,624910.0260955,Thursday,4,2017,2,27,3,0,781159.2829995,675804.0219027,737029.565183,702943.948577,834550.1290041001,816622.8859997785,846906.13623112
2017-04-28,797636.6251025,Friday,4,2017,2,28,4,0,624910.0260955,795795.893872,740889.486829,824632.985033,827279.5581745001,808614.3474935285,844305.0054817367
2017-04-29,1068279.815941,Saturday,4,2017,2,29,5,1,797636.6251025,974952.817869,898610.217928,637624.340998,827542.5197788571,812667.7145130644,843405.1268173867
2017-04-30,1041249.2479705,Sunday,4,2017,2,30,6,1,1068279.815941,1140070.2748035,985493.795113,878750.03788,840874.948074857,824786.9715139929,857760.3093154866
2017-05-01,1306699.366897,Monday,5,2017,2,1,0,0,1041249.2479705,755072.530945,775916.9059055,1463083.962459,826757.6585272857,828769.5038609571,863176.9496518367
2017-05-02,907324.094113,Tuesday,5,2017,2,2,1,0,1306699.366897,718996.080637,717196.315762,1138650.058898,905561.4922347143,866682.5367889215,857964.1297997701
2017-05-03,924247.257204,Wednesday,5,2017,2,3,2,0,907324.094113,781159.2829995,735733.2142477001,835191.622029,932465.494159857,880263.0923854214,850253.2643069366
2017-05-04,716654.608983,Thursday,5,2017,2,4,3,0,924247.257204,624910.0260955,675804.0219027,835602.6360017,952906.6333319285,893728.3811680143,853221.7854794367
2017-05-05,780798.407016,Friday,5,2017,2,5,4,0,716654.608983,797636.6251025,795795.893872,846631.307907,966013.0023158571,896646.2802451786,849256.85124548
2017-05-06,1039417.861868,Saturday,5,2017,2,6,5,1,780798.407016,1068279.815941,974952.817869,683059.570103,963607.5425892143,895575.0311840357,847062.4212157801
2017-05-07,1227380.607924,Sunday,5,2017,2,7,6,1,1039417.861868,1041249.2479705,1140070.2748035,765502.211925,959484.4062930715,900179.6771839643,858941.03094128
2017-05-08,776307.495015,Monday,5,2017,2,8,0,0,1227380.607924,1306699.366897,755072.530945,988591.469958,986074.6005721428,906416.1295497142,874336.9774745799
2017-05-09,715811.198881,Tuesday,5,2017,2,9,1,0,776307.495015,907324.094113,718996.080637,1101713.657101,910304.3331604284,907932.9126975714,867260.84497648
2017-05-10,766101.907094,Wednesday,5,2017,2,10,2,0,715811.198881,924247.257204,781159.2829995,739392.130988,882945.3481272857,907705.4211435715,854397.4297024799
2017-05-11,648650.413039,Thursday,5,2017,2,11,3,0,766101.907094,716654.608983,624910.0260955,741331.430196,860353.1552544285,906629.8942931787,855287.75557268
2017-05-12,764812.415784,Friday,5,2017,2,12,4,0,648650.413039,780798.407016,797636.6251025,791762.312883,850638.2701195714,908325.6362177143,852198.3883341133
2017-05-13,1116976.891153,Saturday,5,2017,2,13,5,1,764812.415784,1039417.861868,1068279.815941,737029.565183,848354.5570864286,905981.0498378213,851300.0584308134
2017-05-14,884199.9138385,Sunday,5,2017,2,14,6,1,1116976.891153,1227380.607924,1041249.2479705,740889.486829,859434.418412857,909459.4123529643,863964.96929648
2017-05-15,823035.572122,Monday,5,2017,2,15,0,0,884199.9138385,776307.495015,1306699.366897,898610.217928,810408.6049720714,898241.6027721071,868741.98353013
2017-05-16,807803.8950783,Tuesday,5,2017,2,16,1,0,823035.572122,715811.198881,907324.094113,985493.795113,817084.0445587857,863694.1888596071,866222.82866993
2017-05-17,841407.607944,Wednesday,5,2017,2,17,2,0,807803.8950783,766101.907094,924247.257204,775916.9059055,830225.8583012571,856585.6032142714,860299.8320021067
2017-05-18,628487.989962,Thursday,5,2017,2,18,3,0,841407.607944,648650.413039,716654.608983,717196.315762,840983.8155655429,850668.4854099856,862482.85540339
2017-05-19,773775.4378677,Friday,5,2017,2,19,4,0,628487.989962,764812.415784,780798.407016,735733.2142477001,838103.4694116858,844370.8697656285,859525.9112100566
2017-05-20,1035667.381833,Saturday,5,2017,2,20,5,1,773775.4378677,1116976.891153,1039417.861868,675804.0219027,839383.9011379286,843869.2291121784,860793.9853307232
2017-05-21,1201938.886229,Sunday,5,2017,2,21,6,1,1035667.381833,884199.9138385,1227380.607924,795795.893872,827768.2569493571,843601.3376811071,872789.4306617334
2017-05-22,778935.156126,Monday,5,2017,2,22,0,0,1201938.886229,823035.572122,776307.495015,974952.817869,873159.5387194287,841784.0718457501,886327.5304069667
2017-05-23,723151.767982,Tuesday,5,2017,2,23,1,0,778935.156126,807803.8950783,715811.198881,1140070.2748035,866859.4792914287,841971.7619251071,879793.6083488667
2017-05-24,746303.6271255,Wednesday,5,2017,2,24,2,0,723151.767982,841407.607944,766101.907094,755072.530945,854766.3182776714,842496.0882894641,865896.3247881499
2017-05-25,620108.24391,Thursday,5,2017,2,25,3,0,746303.6271255,628487.989962,648650.413039,718996.080637,841180.0353036,841081.9254345715,865604.0279941667
2017-05-26,984511.1521135,Friday,5,2017,2,26,4,0,620108.24391,773775.4378677,764812.415784,781159.2829995,839982.9287247428,839043.1990682144,862307.7667699333
2017-05-27,932219.893144,Saturday,5,2017,2,27,5,1,984511.1521135,1035667.381833,1116976.891153,624910.0260955,870088.0307598572,854735.9659488929,869086.1624070667
2017-05-28,1061771.636907,Sunday,5,2017,2,28,6,1,932219.893144,1201938.886229,884199.9138385,797636.6251025,855309.81809,841539.0375196786,879329.8246420167
2017-05-29,776813.137038,Monday,5,2017,2,29,0,0,1061771.636907,778935.156126,823035.572122,1068279.815941,835285.9253297142,854222.7320245715,888134.3250354999
2017-05-30,742471.2769905,Tuesday,5,2017,2,30,1,0,776813.137038,723151.767982,807803.8950783,1041249.2479705,834982.7797457142,850921.1295185714,878418.7690720666
2017-05-31,858062.149411,Wednesday,5,2017,2,31,2,0,742471.2769905,746303.6271255,841407.607944,1306699.366897,837742.7096040715,846254.5139408715,868459.5033727332
2017-06-01,766859.172845,Thursday,6,2017,2,1,3,0,858062.149411,620108.24391,628487.989962,907324.094113,853708.2127877144,847444.1240456571,853504.9294565333
2017-06-02,918421.319125,Friday,6,2017,2,2,4,0,766859.172845,984511.1521135,773775.4378677,924247.257204,874672.6312070001,857327.7799658714,848822.7654142666
2017-06-03,1176138.109152,Saturday,6,2017,2,3,5,1,918421.319125,932219.893144,1035667.381833,716654.608983,865231.2264943572,867659.6286271072,848628.5674783
2017-06-04,1376511.520495,Sunday,6,2017,2,4,6,1,1176138.109152,1061771.636907,1201938.886229,780798.407016,900076.6859240715,877693.2520070358,863944.6841506001
2017-06-05,912693.8511,Monday,6,2017,2,5,0,0,1376511.520495,776813.137038,778935.156126,1039417.861868,945039.5264366429,890162.7258831785,883801.7879332333
2017-06-06,805546.6479560001,Tuesday,6,2017,2,6,1,0,912693.8511,742471.2769905,723151.767982,1227380.607924,964451.0570169286,899716.9183813214,879577.6542409667
2017-06-07,842979.8370823,Wednesday,6,2017,2,7,2,0,805546.6479560001,858062.149411,746303.6271255,776307.495015,973461.8242977143,905602.266950893,865516.5222420334
2017-06-08,667099.801025,Thursday,6,2017,2,8,3,0,842979.8370823,766859.172845,620108.24391,715811.198881,971307.2082507572,912507.7105192357,867738.9336442766
2017-06-09,795116.1360699,Friday,6,2017,2,9,4,0,667099.801025,918421.319125,984511.1521135,766101.907094,957055.8694193286,915864.2503131643,866115.2203824099
2017-06-10,993732.684049,Saturday,6,2017,2,10,5,1,795116.1360699,1176138.109152,932219.893144,648650.413039,939440.8432686001,902336.0348814785,867082.3613482733
2017-06-11,1213673.946877,Sunday,6,2017,2,11,6,1,993732.684049,1376511.520495,1061771.636907,764812.415784,913382.925396743,906729.8056604072,878585.1037152733
2017-06-12,768349.7589517001,Monday,6,2017,2,12,0,0,1213673.946877,912693.8511,776813.137038,1116976.891153,890120.4148798856,917579.9706582642,893547.1547517066
2017-06-13,729412.959849,Tuesday,6,2017,2,13,1,0,768349.7589517001,805546.6479560001,742471.2769905,884199.9138385,869499.8302872714,916975.4436521,881926.2503449967
2017-06-14,785885.9088963,Wednesday,6,2017,2,14,2,0,729412.959849,842979.8370823,858062.149411,823035.572122,858623.5891291285,916042.7067134215,876766.6852120134
2017-06-15,660338.346974,Thursday,6,2017,2,15,3,0,785885.9088963,667099.801025,766859.172845,807803.8950783,850467.3136739858,910887.2609623715,875528.3631044901
2017-06-16,834786.427555,Friday,6,2017,2,16,4,0,660338.346974,795116.1360699,918421.319125,841407.607944,849501.3916667,903278.6305430143,870612.8448343467
2017-06-17,1096133.5508865,Saturday,6,2017,2,17,5,1,834786.427555,993732.684049,1176138.109152,628487.989962,855168.5761645713,897304.7097165857,870392.13882138
2017-06-18,965144.121179,Sunday,6,2017,2,18,6,1,1096133.5508865,1213673.946877,1376511.520495,773775.4378677,869797.2714270713,891590.0984119071,885980.32418553
2017-06-19,791146.393731,Monday,6,2017,2,19,0,0,965144.121179,768349.7589517001,912693.8511,1035667.381833,834293.0106130715,862206.7127464786,892359.2802959067
2017-06-20,787326.7170395,Tuesday,6,2017,2,20,1,0,791146.393731,729412.959849,805546.6479560001,1201938.886229,837549.6727244,853524.7515058358,884208.5806925067
2017-06-21,766159.0112892,Wednesday,6,2017,2,21,2,0,787326.7170395,785885.9088963,842979.8370823,778935.156126,845823.0666087571,852223.3278689429,870388.1750528567
2017-06-22,609868.8309586,Thursday,6,2017,2,22,3,0,766159.0112892,660338.346974,667099.801025,723151.767982,843004.9383791714,846736.1260265785,869962.3035582966
2017-06-23,761049.7450639,Friday,6,2017,2,23,4,0,609868.8309586,834786.427555,795116.1360699,746303.6271255,835795.0075198285,842648.1995932643,866186.2056575167
2017-06-24,963268.227135,Saturday,6,2017,2,24,5,1,761049.7450639,1096133.5508865,993732.684049,620108.24391,825261.1957353858,840214.8859499786,866677.7429221299
2017-06-25,1092610.858614,Sunday,6,2017,2,25,6,1,963268.227135,965144.121179,1213673.946877,984511.1521135,806280.4351994572,838038.8533132643,878116.4090296299
2017-06-26,755367.8450665,Monday,6,2017,2,26,0,0,1092610.858614,791146.393731,768349.7589517001,932219.893144,824489.9691187429,829391.4898659072,881719.7325796467
2017-06-27,682218.468913,Tuesday,6,2017,2,27,1,0,755367.8450665,787326.7170395,729412.959849,1061771.636907,819378.7478809572,828464.2103026785,875824.6643103968
2017-06-28,731896.9850105,Wednesday,6,2017,2,28,2,0,682218.468913,766159.0112892,785885.9088963,776813.137038,804363.2838628857,825093.1752358213,863172.89204393
2017-06-29,630811.802872,Thursday,6,2017,2,29,3,0,731896.9850105,609868.8309586,660338.346974,742471.2769905,799468.7086802142,821236.823529693,861675.6869763468
2017-06-30,802273.1392327,Friday,6,2017,2,30,4,0,630811.802872,761049.7450639,834786.427555,858062.149411,802460.5618107,819127.7846652643,857953.7045057301
2017-07-01,1207529.921868,Saturday,7,2017,3,1,5,1,802273.1392327,963268.227135,1096133.5508865,766859.172845,808349.6181205285,816805.4069279571,856094.07083312
2017-07-02,1296379.2175535,Sunday,7,2017,3,2,6,1,1207529.921868,1092610.858614,965144.121179,918421.319125,843244.1459395286,824762.2905694928,870783.0958005532
2017-07-03,925143.408816,Monday,7,2017,3,3,0,0,1296379.2175535,755367.8450665,791146.393731,1176138.109152,872353.9115023141,848421.9403105285,883381.6924148366
2017-07-04,832359.2860137,Tuesday,7,2017,3,4,1,0,925143.408816,682218.468913,787326.7170395,1376511.520495,896607.5634665284,857993.1556737429,875015.2024036366
2017-07-05,844301.613116,Wednesday,7,2017,3,5,2,0,832359.2860137,731896.9850105,766159.0112892,912693.8511,918056.2516237713,861209.7677433286,856876.7945875934
2017-07-06,700272.0099567,Thursday,7,2017,3,6,3,0,844301.613116,630811.802872,609868.8309586,805546.6479560001,934114.0556388429,866791.3821595286,854597.05332146
2017-07-07,805792.302193,Friday,7,2017,3,7,4,0,700272.0099567,802273.1392327,761049.7450639,842979.8370823,944036.9423652285,873248.7520879643,851087.8987214833
2017-07-08,998347.1930085,Saturday,7,2017,3,8,5,1,805792.302193,1207529.921868,963268.227135,667099.801025,944539.6799309858,876444.6490257571,849848.3142251733
2017-07-09,1100833.322376,Sunday,7,2017,3,9,6,1,998347.1930085,1296379.2175535,1092610.858614,795116.1360699,914656.4329510572,878950.2894452928,860889.8939579566
2017-07-10,804158.8610365,Monday,7,2017,3,10,0,0,1100833.322376,925143.408816,755367.8450665,993732.684049,886721.3050685572,879537.6082854356,871080.4668348266
2017-07-11,730534.767701,Tuesday,7,2017,3,11,1,0,804158.8610365,832359.2860137,682218.468913,1213673.946877,869437.7982429144,883022.6808547216,864761.3394010768
2017-07-12,748799.9959087,Wednesday,7,2017,3,12,2,0,730534.767701,844301.613116,731896.9850105,768349.7589517001,854891.4384839572,886473.8450538644,848656.70009521
2017-07-13,629651.3629294999,Thursday,7,2017,3,13,3,0,748799.9959087,700272.0099567,630811.802872,729412.959849,841248.3503114858,887681.2029751643,848005.04132711
2017-07-14,765489.6173933,Friday,7,2017,3,14,4,0,629651.3629294999,805792.302193,802273.1392327,785885.9088963,831159.6864504571,887598.3144078428,844679.6547631266
2017-07-15,969077.125075,Saturday,7,2017,3,15,5,1,765489.6173933,998347.1930085,1207529.921868,660338.346974,825402.1600505,884970.9199907428,843999.7783796933
2017-07-16,1100803.699023,Sunday,7,2017,3,16,6,1,969077.125075,1100833.322376,1296379.2175535,834786.427555,821220.7217742857,867938.5773626715,854291.0709830599
2017-07-17,818325.522149,Monday,7,2017,3,17,0,0,1100803.699023,804158.8610365,925143.408816,1096133.5508865,821216.4898667142,853968.8974676357,863158.3133653267
2017-07-18,730133.70894,Tuesday,7,2017,3,18,1,0,818325.522149,730534.767701,832359.2860137,965144.121179,823240.2985970714,846339.0484199928,853898.0457407434
2017-07-19,767978.778078,Wednesday,7,2017,3,19,2,0,730133.70894,748799.9959087,844301.613116,791146.393731,823183.0044883571,839037.221486157,846064.3653327767
2017-07-20,688288.067857,Thursday,7,2017,3,20,3,0,767978.778078,629651.3629294999,700272.0099567,787326.7170395,825922.8305125429,833585.5904120143,845292.1114776767
2017-07-21,782418.2992188,Friday,7,2017,3,21,4,0,688288.067857,765489.6173933,805792.302193,766159.0112892,834299.5026450428,832729.5945477501,841990.8231715932
2017-07-22,932902.046681,Saturday,7,2017,3,22,5,1,782418.2992188,969077.125075,998347.1930085,609868.8309586,836717.8857629715,831060.0229067357,842532.7994359133
2017-07-23,1024288.741245,Sunday,7,2017,3,23,6,1,932902.046681,1100803.699023,1100833.322376,761049.7450639,831550.0174209715,826385.3695976286,853300.5732933267
2017-07-24,816564.327096,Monday,7,2017,3,24,0,0,1024288.741245,818325.522149,804158.8610365,963268.227135,820619.3091669715,820917.8995168429,862075.2064993632
2017-07-25,713581.632609,Tuesday,7,2017,3,25,1,0,816564.327096,730133.70894,730534.767701,1092610.858614,820367.7098736856,821804.0042353786,857185.0764980633
2017-07-26,740653.044167,Wednesday,7,2017,3,26,2,0,713581.632609,767978.778078,748799.9959087,755367.8450665,818003.1275406858,820593.0660145215,844550.7689645633
2017-07-27,659849.8270588,Thursday,7,2017,3,27,3,0,740653.044167,688288.067857,629651.3629294999,682218.468913,814099.4512676857,820011.1408901142,844060.2756012467
2017-07-28,835099.6822035,Friday,7,2017,3,28,4,0,659849.8270588,782418.2992188,765489.6173933,731896.9850105,810036.8454393715,822168.1740422072,843314.6542061067
2017-07-29,1032310.865737,Saturday,7,2017,3,29,5,1,835099.6822035,932902.046681,969077.125075,630811.802872,817562.7572943287,827140.32152865,846754.7441125399
2017-07-30,1123752.4779517,Sunday,7,2017,3,30,6,1,1032310.865737,1024288.741245,1100803.699023,802273.1392327,831764.0171594715,831657.0172902214,860138.0462080401
2017-07-31,885856.8408705,Monday,7,2017,3,31,0,0,1123752.4779517,816564.327096,818325.522149,1207529.921868,845973.1224032857,833296.2157851286,870854.02416534
2017-08-01,988527.763204,Tuesday,8,2017,3,1,1,0,885856.8408705,713581.632609,730133.70894,1296379.2175535,855872.0529425001,838119.8814080928,860131.58813209
2017-08-02,964712.016051,Wednesday,8,2017,3,2,2,0,988527.763204,740653.044167,767978.778078,925143.408816,895150.0715989285,856576.5995698072,849869.8729871067
2017-08-03,728068.4851320001,Thursday,8,2017,3,3,3,0,964712.016051,659849.8270588,688288.067857,832359.2860137,927158.4961537857,870628.9737107357,851188.8265616067
2017-08-04,827775.686128,Friday,8,2017,3,4,4,0,728068.4851320001,835099.6822035,782418.2992188,844301.613116,936904.0187356714,873470.4320875214,847712.4665322166
2017-08-05,965693.650492,Saturday,8,2017,3,5,5,1,827775.686128,1032310.865737,932902.046681,700272.0099567,935857.7335820285,876710.2454381787,847161.6022992834
2017-08-06,1049559.164277,Sunday,8,2017,3,6,6,1,965693.650492,1123752.4779517,1024288.741245,805792.302193,926340.9885470286,879052.50285325,856008.9903171266
2017-08-07,797464.963817,Monday,8,2017,3,7,0,0,1049559.164277,885856.8408705,816564.327096,998347.1930085,915741.943736357,880857.5330698214,864134.5523865933
2017-08-08,717766.3491055,Tuesday,8,2017,3,8,1,0,797464.963817,988527.763204,713581.632609,1100833.322376,903114.5327287143,879493.2928356072,857438.47808021
2017-08-09,734139.67401,Wednesday,8,2017,3,9,2,0,717766.3491055,964712.016051,740653.044167,804158.8610365,864434.3307146429,879792.2011567857,844669.5789711934
2017-08-10,651386.9119697,Thursday,8,2017,3,10,3,0,734139.67401,728068.4851320001,659849.8270588,730534.767701,831495.4247087857,879326.9604312856,842335.60607031
2017-08-11,826373.722022,Friday,8,2017,3,11,4,0,651386.9119697,827775.686128,835099.6822035,748799.9959087,820540.9142570285,878722.46649635,839697.3442125999
2017-08-12,792630.5350785,Saturday,8,2017,3,12,5,1,826373.722022,965693.650492,1032310.865737,629651.3629294999,820340.633670457,878099.1836262429,842283.1350830434
2017-08-13,865639.677471,Sunday,8,2017,3,13,6,1,792630.5350785,1049559.164277,1123752.4779517,765489.6173933,795617.3314685285,860979.1600077786,847715.7741546767
2017-08-14,760922.4060808,Monday,8,2017,3,14,0,0,865639.677471,797464.963817,885856.8408705,969077.125075,769343.1190676715,842542.5314020142,851054.1094906
2017-08-15,762661.935939,Tuesday,8,2017,3,15,1,0,760922.4060808,717766.3491055,988527.763204,1100803.699023,764122.7536767857,833618.64320275,844115.61885746
